handle,title,price_ghs,in_stock,categories,image_file,proposed_requires_prescription,confidence,rule,pharmacist_decision,pharmacist_notes
12pcs-plastic-cutlery,12PCS  PLASTIC CUTLERY,35.00,yes,Baby,12pcs-plastic-cutlery.jpg,NO,medium,consumer category: Baby,,
15pcs-makeup-tool-set,15PCS MAKEUP TOOL SET,80.00,yes,Beauty & Toiletries | Feminine Care,15pcs-makeup-tool-set.jpg,NO,medium,consumer category: Beauty & Toiletries,,
21st-cent-herbal-slimming-tea-24s,21ST CENT. HERBAL SLIMMING TEA 24'S,145.00,yes,,21st-cent-herbal-slimming-tea-24s.webp,NO,low,REVIEW — no category and no dosage form,,
40-oz-tumbler-with-straw,40 OZ TUMBLER WITH STRAW,133.00,yes,Other,40-oz-tumbler-with-straw.webp,NO,medium,consumer category: Other,,
abro-can,ABRO CAN,46.00,yes,Other,abro-can.jpg,NO,medium,consumer category: Other,,
absolut-lip-gloss,ABSOLUT LIP GLOSS,13.00,yes,Beauty & Toiletries,absolut-lip-gloss.jpg,NO,medium,consumer category: Beauty & Toiletries,,
accu-news-ovulation-test-5s,ACCU NEWS OVULATION TEST 5'S,120.00,yes,Other,accu-news-ovulation-test-5s.webp,NO,medium,consumer category: Other,,
aciclovir-denk-200mg,ACICLOVIR DENK 200MG,115.00,yes,,aciclovir-denk-200mg.jpg,YES,high,prescription-only active: aciclovir,,
aciclovir-denk-cream,ACICLOVIR DENK CREAM,108.00,yes,,aciclovir-denk-cream.png,YES,high,prescription-only active: aciclovir,,
actilife-multivitamin-tabs,ACTILIFE MULTIVITAMIN TABS,30.00,yes,Vitamins & Supplements,actilife-multivitamin-tabs.jpg,NO,medium,general-sale active (vitamin) in a dosage form,,
actilife-vit-c-zinc,ACTILIFE VIT C & ZINC,50.00,yes,Vitamins & Supplements,actilife-vit-c-zinc.jpg,NO,high,general-sale: zinc,,
adam-secret,ADAM SECRET,54.00,yes,,adam-secret.jpg,NO,low,REVIEW — no category and no dosage form,,
addyzoa-caps-20s,ADDYZOA CAPS 20'S,185.00,yes,,addyzoa-caps-20s.webp,YES,low,"REVIEW — dosage form, no consumer category, active not recognised",,
adidas-roll-on-men,ADIDAS ROLL ON MEN,28.00,yes,Beauty & Toiletries,adidas-roll-on-men.jpg,NO,high,general-sale: roll on,,
adidas-roll-on-women,ADIDAS ROLL ON WOMEN,25.00,yes,Beauty & Toiletries,adidas-roll-on-women.webp,NO,high,general-sale: roll on,,
adidas-roll-on-women-50ml,ADIDAS ROLL ON WOMEN 50ML,22.00,yes,Beauty & Toiletries,adidas-roll-on-women-50ml.png,NO,high,general-sale: roll on,,
adom-koo-caps,ADOM KOO CAPS,45.00,yes,,adom-koo-caps.jpg,YES,low,"REVIEW — dosage form, no consumer category, active not recognised",,
adom-koo-mixture,ADOM KOO MIXTURE,22.00,yes,,adom-koo-mixture.jpg,NO,low,REVIEW — no category and no dosage form,,
advanced-clinical-collagen,ADVANCED CLINICAL COLLAGEN,288.00,yes,Beauty & Toiletries,advanced-clinical-collagen.jpg,NO,medium,consumer category: Beauty & Toiletries,,
advanced-clinical-vit-c-serum,ADVANCED CLINICAL VIT C SERUM,288.00,yes,Beauty & Toiletries,advanced-clinical-vit-c-serum.jpg,NO,medium,consumer category: Beauty & Toiletries,,
advanced-clinical-vit-bright,ADVANCED CLINICAL VIT.BRIGHT,288.00,yes,Beauty & Toiletries,advanced-clinical-vit-bright.jpg,NO,medium,consumer category: Beauty & Toiletries,,
agbeve-tonic,AGBEVE TONIC,34.00,yes,,agbeve-tonic.jpg,NO,low,REVIEW — no category and no dosage form,,
aldomet-250mg-tabs,ALDOMET 250MG TABS,17.00,yes,,aldomet-250mg-tabs.jpg,YES,high,prescription-only active: aldomet,,
alive-calcium-d3-gummies,ALIVE CALCIUM +D3 GUMMIES,210.00,yes,Vitamins & Supplements,alive-calcium-d3-gummies.webp,NO,high,general-sale: calcium,,
alka-seltzer-10s,ALKA SELTZER 10S,10.00,yes,,alka-seltzer-10s.jpg,NO,low,REVIEW — no category and no dosage form,,
alka-5-syrup-100ml,ALKA-5 SYRUP 100ML,72.00,yes,,alka-5-syrup-100ml.jpg,YES,low,"REVIEW — dosage form, no consumer category, active not recognised",,
almond-vanilla-scrub,ALMOND VANILLA SCRUB,65.00,yes,Beauty & Toiletries,almond-vanilla-scrub.jpg,NO,medium,consumer category: Beauty & Toiletries,,
alpha-garlic-caps,ALPHA GARLIC CAPS 60s,72.00,yes,Vitamins & Supplements,alpha-garlic-caps.webp,YES,low,"REVIEW — dosage form, active not recognised",,
always-maxi-thick,ALWAYS MAXI THICK,25.00,yes,Feminine Care,always-maxi-thick.webp,NO,medium,consumer category: Feminine Care,,
always-pad-ultra-thin,ALWAYS PAD ULTRA  THIN,25.00,yes,Feminine Care,always-pad-ultra-thin.webp,NO,medium,consumer category: Feminine Care,,
amalfi-hand-soap,AMALFI HAND SOAP,31.00,yes,Beauty & Toiletries,amalfi-hand-soap.png,NO,high,general-sale: soap,,
amaryl-2mg,AMARYL 2MG,225.00,yes,,amaryl-2mg.jpg,YES,high,prescription-only active: amaryl,,
ambrosia-baby-food,AMBROSIA baby food,80.00,yes,Baby,ambrosia-baby-food.jpg,NO,medium,consumer category: Baby,,
amlactin-body-lotion-567g,AMLACTIN BODY LOTION 567G,500.00,yes,Beauty & Toiletries,amlactin-body-lotion-567g.jpg,NO,high,general-sale: lotion,,
amlo-denk-10mg,AMLO DENK 10MG,38.00,yes,,amlo-denk-10mg.jpg,YES,high,prescription-only active: amlo denk,,
amlodipine-10mg-teva,AMLODIPINE 10MG TEVA,17.00,yes,,amlodipine-10mg-teva.jpg,YES,high,prescription-only active: amlodipin,,
amlodipine-5mg-tenox,AMLODIPINE 5MG (TENOX),3.00,yes,,amlodipine-5mg-tenox.jpg,YES,high,prescription-only active: amlodipin,,
amlodipine-5mg-tabs-teva,AMLODIPINE 5MG TABS TEVA,16.00,yes,,amlodipine-5mg-tabs-teva.jpg,YES,high,prescription-only active: amlodipin,,
amoksiclav-228-suspension,AMOKSICLAV 228 SUSPENSION,86.00,yes,,amoksiclav-228-suspension.jpg,YES,low,"REVIEW — dosage form, no consumer category, active not recognised",,
amoksiclav-457-susp,AMOKSICLAV 457 SUSP.,64.00,yes,,amoksiclav-457-susp.jpg,YES,low,"REVIEW — dosage form, no consumer category, active not recognised",,
amoksiklav-1g-tab,AMOKSIKLAV 1G TAB,130.00,yes,,amoksiklav-1g-tab.jpg,YES,low,"REVIEW — dosage form, no consumer category, active not recognised",,
amoksiklav-625mg-tabs,AMOKSIKLAV 625MG TABS,70.00,yes,,amoksiklav-625mg-tabs.jpg,YES,low,"REVIEW — dosage form, no consumer category, active not recognised",,
amoxicillin-250mg-maxmox-500s,AMOXICILLIN 250MG (MAXMOX) 500S,0.40,yes,,amoxicillin-250mg-maxmox-500s.jpg,YES,high,prescription-only active: amoxicill,,
amoxicillin-500mg-caps-exeter,AMOXICILLIN 500MG CAPS (EXETER,39.00,yes,,amoxicillin-500mg-caps-exeter.jpg,YES,high,prescription-only active: amoxicill,,
amoxicillin-500mg-caps-maxmox-15s,AMOXICILLIN 500MG CAPS (MAXMOX) 15'S,15.00,yes,,amoxicillin-500mg-caps-maxmox-15s.png,YES,high,prescription-only active: amoxicill,,
amoxicillin-susp-125mg-5ml-exeter,AMOXICILLIN SUSP 125MG/5ML (EXETER),19.00,yes,,,YES,high,prescription-only active: amoxicill,,
amoxylex-susp-luex,AMOXYLEX SUSP (LUEX),16.00,yes,,amoxylex-susp-luex.jpg,YES,low,"REVIEW — dosage form, no consumer category, active not recognised",,
andrews-liver-salt,ANDREWS LIVER SALT,3.00,yes,,andrews-liver-salt.jpg,NO,low,REVIEW — no category and no dosage form,,
anti-fungal-foot-power,ANTI FUNGAL FOOT POWER,80.00,yes,Other,anti-fungal-foot-power.jpg,NO,medium,consumer category: Other,,
antibacterial-wipes-nuvomed,ANTIBACTERIAL WIPES NUVOMED,25.00,yes,Other,antibacterial-wipes-nuvomed.jpg,NO,high,general-sale: wipes,,
anusol-ointment-25g,ANUSOL OINTMENT 25G,130.00,yes,,anusol-ointment-25g.jpg,YES,low,"REVIEW — dosage form, no consumer category, active not recognised",,
apetamin-syrup,APETAMIN SYRUP,50.00,yes,,apetamin-syrup.jpg,YES,low,"REVIEW — dosage form, no consumer category, active not recognised",,
apple-cider-tumeric-ginger-and-pepper-supplement-60s,"APPLE CIDER+TUMERIC,GINGER AND PEPPER SUPPLEMENT 60S",90.00,yes,Vitamins & Supplements,apple-cider-tumeric-ginger-and-pepper-supplement-60s.jpg,NO,medium,consumer category: Vitamins & Supplements,,
aptamil-1,APTAMIL 1,345.00,yes,Baby,aptamil-1.png,NO,medium,consumer category: Baby,,
aptamil-2,APTAMIL 2,270.00,yes,Baby,aptamil-2.jpg,NO,medium,consumer category: Baby,,
aptamil-2-uk,APTAMIL 2 (UK),345.00,yes,Baby,aptamil-2-uk.jpg,NO,medium,consumer category: Baby,,
aptamil-3,APTAMIL 3,345.00,yes,Baby,aptamil-3.jpg,NO,medium,consumer category: Baby,,
aptamil-ready-to-feed,APTAMIL READY TO FEED,35.00,yes,Baby,aptamil-ready-to-feed.png,NO,medium,consumer category: Baby,,
aquatab-67mg-10s,AQUATAB 67MG 10S,73.00,yes,Other,aquatab-67mg-10s.jpg,YES,low,"REVIEW — dosage form, active not recognised",,
arfan-20-120-tabs,ARFAN 20/120 TABS,6.00,yes,,arfan-20-120-tabs.jpg,YES,low,"REVIEW — dosage form, no consumer category, active not recognised",,
argan-oil-conditioner,ARGAN OIL CONDITIONER,36.00,yes,Beauty & Toiletries,argan-oil-conditioner.webp,NO,medium,consumer category: Beauty & Toiletries,,
argan-oil-hair-mask,ARGAN OIL HAIR MASK,25.00,no,Beauty & Toiletries,argan-oil-hair-mask.jpg,NO,medium,consumer category: Beauty & Toiletries,,
argan-oil-shampoo,ARGAN OIL SHAMPOO,38.00,yes,Beauty & Toiletries,argan-oil-shampoo.jpg,NO,high,general-sale: shampoo,,
ascovit-cee-syrup,ASCOVIT CEE SYRUP,16.00,yes,Vitamins & Supplements,ascovit-cee-syrup.jpg,YES,low,"REVIEW — dosage form, active not recognised",,
asmanol-tabs,ASMANOL TABS,2.00,yes,,asmanol-tabs.png,YES,low,"REVIEW — dosage form, no consumer category, active not recognised",,
asnac-100,ASNAC 100,16.00,yes,,asnac-100.jpg,NO,low,REVIEW — no category and no dosage form,,
aspanol-syrup-200ml,ASPANOL SYRUP 200ML,26.00,yes,,aspanol-syrup-200ml.jpg,YES,low,"REVIEW — dosage form, no consumer category, active not recognised",,
astonish-oven-and-cookware-paste,ASTONISH OVEN AND COOKWARE PASTE,45.00,yes,Other,astonish-oven-and-cookware-paste.jpg,NO,medium,consumer category: Other,,
atacand-16mg,ATACAND 16MG,448.00,yes,,atacand-16mg.jpg,YES,high,prescription-only active: atacand,,
atacand-8mg,ATACAND 8MG,462.00,yes,,atacand-8mg.jpg,YES,high,prescription-only active: atacand,,
atorvastatin-40mg,ATORVASTATIN 40MG,70.00,yes,,atorvastatin-40mg.jpg,YES,high,prescription-only active: atorvastat,,
atorvastatin-40mg-vega,ATORVASTATIN 40MG VEGA,45.00,yes,,atorvastatin-40mg-vega.jpg,YES,high,prescription-only active: atorvastat,,
augmentin-susp-228mg-5ml,AUGMENTIN SUSP 228MG/5ML,97.00,yes,,augmentin-susp-228mg-5ml.jpg,YES,high,prescription-only active: augmentin,,
avamys-nasal-spray,AVAMYS NASAL SPRAY,300.00,yes,,avamys-nasal-spray.jpg,NO,low,REVIEW — no category and no dosage form,,
axe-deo-spray-men-150ml,AXE DEO SPRAY MEN 150ML,34.00,yes,Beauty & Toiletries,axe-deo-spray-men-150ml.jpg,NO,medium,consumer category: Beauty & Toiletries,,
azilex-250mg-caps-6s,AZILEX 250MG CAPS 6'S,31.00,yes,,azilex-250mg-caps-6s.jpg,YES,low,"REVIEW — dosage form, no consumer category, active not recognised",,
b-co-strong-30s-krka,B-CO STRONG 30S (KRKA),75.00,no,Vitamins & Supplements,b-co-strong-30s-krka.webp,NO,medium,consumer category: Vitamins & Supplements,,
b-co-tabs-pharmanova,B-CO TABS (PHARMANOVA),1.00,yes,,b-co-tabs-pharmanova.webp,YES,low,"REVIEW — dosage form, no consumer category, active not recognised",,
badruf-cream,BADRUF CREAM,17.00,yes,Vitamins & Supplements,badruf-cream.jpg,NO,medium,consumer category: Vitamins & Supplements,,
baggage-tags,BAGGAGE TAGS,80.00,yes,Other,,NO,medium,consumer category: Other,,
balance-niancinamide-serum-15,BALANCE NIANCINAMIDE SERUM 15%,130.00,yes,Beauty & Toiletries,balance-niancinamide-serum-15.jpg,NO,medium,consumer category: Beauty & Toiletries,,
balance-vit-c-serum-3,BALANCE VIT C SERUM 3%,130.00,yes,Beauty & Toiletries,balance-vit-c-serum-3.jpg,NO,medium,consumer category: Beauty & Toiletries,,
basecam-caps,BASECAM CAPS,39.00,yes,,basecam-caps.png,YES,low,"REVIEW — dosage form, no consumer category, active not recognised",,
basic-nutritio-vitamin-d-400iu-tabs-80s,BASIC NUTRITIO VITAMIN D 400IU TABS 80S,45.00,no,Vitamins & Supplements,basic-nutritio-vitamin-d-400iu-tabs-80s.jpg,NO,medium,general-sale active (vitamin) in a dosage form,,
basic-nutrition-omega-3-fish-oil-1000mg-30s,BASIC NUTRITION OMEGA 3 FISH OIL 1000MG 30S,69.00,yes,Vitamins & Supplements,basic-nutrition-omega-3-fish-oil-1000mg-30s.jpg,NO,medium,general-sale active (omega) in a dosage form,,
bbl-thermal-guard,BBL THERMAL GUARD,56.00,yes,Beauty & Toiletries,bbl-thermal-guard.jpg,NO,medium,consumer category: Beauty & Toiletries,,
beauty-and-co-collagen-powder-7s,BEAUTY AND CO COLLAGEN POWDER 7S,110.00,yes,Vitamins & Supplements,beauty-and-co-collagen-powder-7s.jpg,NO,medium,consumer category: Vitamins & Supplements,,
beauty-formula-glowing-serum-2-vit-c,BEAUTY FORMULA GLOWING SERUM 2% VIT C,70.00,yes,Beauty & Toiletries,beauty-formula-glowing-serum-2-vit-c.png,NO,medium,consumer category: Beauty & Toiletries,,
beauty-formula-gold-peel-off-facial-mask,BEAUTY FORMULA GOLD PEEL OFF FACIAL MASK,27.00,yes,Beauty & Toiletries,beauty-formula-gold-peel-off-facial-mask.jpg,NO,medium,consumer category: Beauty & Toiletries,,
beauty-formula-moisturiser,BEAUTY FORMULA MOISTURISER,36.00,yes,Beauty & Toiletries,beauty-formula-moisturiser.webp,NO,medium,consumer category: Beauty & Toiletries,,
beauty-formula-serum,BEAUTY FORMULA SERUM,42.00,yes,Beauty & Toiletries,beauty-formula-serum.jpg,NO,medium,consumer category: Beauty & Toiletries,,
beauty-formula-tonic-150ml,BEAUTY FORMULA TONIC 150ML,42.00,yes,Beauty & Toiletries,beauty-formula-tonic-150ml.jpg,NO,medium,consumer category: Beauty & Toiletries,,
beauty-formulas-facial-scrubs,BEAUTY FORMULAS FACIAL SCRUBS,38.00,yes,Beauty & Toiletries,beauty-formulas-facial-scrubs.webp,NO,medium,consumer category: Beauty & Toiletries,,
beauty-secrets-black-soap-142g-honey,BEAUTY SECRETS BLACK SOAP 142G HONEY,26.00,yes,Beauty & Toiletries,beauty-secrets-black-soap-142g-honey.png,NO,high,general-sale: soap,,
beauty-secrets-black-soap-142g-lemongrass,BEAUTY SECRETS BLACK SOAP 142G LEMONGRASS,22.00,yes,Beauty & Toiletries,beauty-secrets-black-soap-142g-lemongrass.webp,NO,high,general-sale: soap,,
beauty-secrets-black-soap-142g-turmeric,BEAUTY SECRETS BLACK SOAP 142G TURMERIC,25.00,yes,Beauty & Toiletries,beauty-secrets-black-soap-142g-turmeric.webp,NO,high,general-sale: soap,,
becoactin-tabs,BECOACTIN TABS,29.00,yes,,becoactin-tabs.jpg,YES,low,"REVIEW — dosage form, no consumer category, active not recognised",,
beechams-cold-and-flu-suspension-5s,BEECHAMS COLD AND FLU SUSPENSION 5S,60.00,yes,,beechams-cold-and-flu-suspension-5s.jpg,YES,low,"REVIEW — dosage form, no consumer category, active not recognised",,
bella-cocoa-lotion,BELLA COCOA LOTION,42.00,yes,Beauty & Toiletries,bella-cocoa-lotion.jpg,NO,high,general-sale: lotion,,
bella-cocoa-lotion-300ml-s-s,BELLA COCOA LOTION 300ML S/S,19.00,yes,Beauty & Toiletries,bella-cocoa-lotion-300ml-s-s.png,NO,high,general-sale: lotion,,
bella-cough-syrup,BELLA COUGH SYRUP,19.00,yes,,bella-cough-syrup.jpg,YES,low,"REVIEW — dosage form, no consumer category, active not recognised",,
bells-castor-oil-70ml,BELLS CASTOR OIL 70ML,56.00,no,Vitamins & Supplements,bells-castor-oil-70ml.jpg,NO,medium,consumer category: Vitamins & Supplements,,
bells-olive-oil,BELLS OLIVE OIL,12.00,yes,Other,bells-olive-oil.jpg,NO,medium,consumer category: Other,,
bells-teething-mixture,BELLS TEETHING MIXTURE,68.00,yes,,bells-teething-mixture.jpg,NO,low,REVIEW — no category and no dosage form,,
bells-vitamin-c-syrup,BELLS VITAMIN C SYRUP,65.00,yes,Vitamins & Supplements,bells-vitamin-c-syrup.jpg,NO,medium,general-sale active (vitamin) in a dosage form,,
bendro-2-5mg-uk,BENDRO 2.5MG UK,7.00,yes,,bendro-2-5mg-uk.jpg,YES,low,"REVIEW — dosage form, no consumer category, active not recognised",,
bendroflu-2-5mg-tabs-500s-ecl,BENDROFLU 2.5MG TABS 500S (ECL),2.00,yes,,bendroflu-2-5mg-tabs-500s-ecl.jpg,YES,low,"REVIEW — dosage form, no consumer category, active not recognised",,
bendroflu-5mg-uk,BENDROFLU 5MG UK,12.00,yes,,bendroflu-5mg-uk.png,YES,low,"REVIEW — dosage form, no consumer category, active not recognised",,
bendrofluazide-tabs-5mg-500s,BENDROFLUAZIDE TABS 5MG 500S,2.50,yes,,,YES,low,"REVIEW — dosage form, no consumer category, active not recognised",,
benylin-4-flu-syrup-100ml,BENYLIN 4 FLU SYRUP 100ML,90.00,yes,,benylin-4-flu-syrup-100ml.webp,YES,low,"REVIEW — dosage form, no consumer category, active not recognised",,
benylin-chesty-non-drowsy-cough-syr-150ml,BENYLIN CHESTY NON DROWSY COUGH SYR 150ML,143.00,yes,,benylin-chesty-non-drowsy-cough-syr-150ml.jpg,NO,low,REVIEW — no category and no dosage form,,
benylin-original-syrup-100mls,BENYLIN ORIGINAL SYRUP 100MLS,135.00,yes,,benylin-original-syrup-100mls.jpg,YES,low,"REVIEW — dosage form, no consumer category, active not recognised",,
berries-weekend-pink-perfume,BERRIES WEEKEND PINK PERFUME,138.00,yes,Beauty & Toiletries | Other,berries-weekend-pink-perfume.jpg,NO,high,general-sale: perfume,,
berries-weekend-violet-perfume,BERRIES WEEKEND VIOLET PERFUME,108.00,yes,Beauty & Toiletries,berries-weekend-violet-perfume.webp,NO,high,general-sale: perfume,,
bg-glutamin-plus-tabs-20s,BG-GLUTAMIN PLUS TABS 20S,34.00,yes,Vitamins & Supplements,bg-glutamin-plus-tabs-20s.jpg,YES,low,"REVIEW — dosage form, active not recognised",,
bic-shaving-stick,BIC SHAVING STICK,15.00,yes,Beauty & Toiletries,bic-shaving-stick.png,NO,medium,consumer category: Beauty & Toiletries,,
big-3-in-1-water-bottle,BIG 3 IN 1 WATER BOTTLE,75.00,yes,Other,big-3-in-1-water-bottle.jpg,NO,medium,consumer category: Other,,
bio-oil-125ml,BIO OIL 125ML,85.00,yes,Beauty & Toiletries,bio-oil-125ml.jpg,NO,medium,consumer category: Beauty & Toiletries,,
bio-oil,BIO OIL 200ML,110.00,yes,Beauty & Toiletries | Feminine Care,bio-oil.webp,NO,medium,consumer category: Beauty & Toiletries,,
bio-oil-25ml,BIO OIL 25ML,26.00,yes,Beauty & Toiletries,bio-oil-25ml.webp,NO,medium,consumer category: Beauty & Toiletries,,
bio-oil-60ml,BIO OIL 60ML,59.00,yes,Beauty & Toiletries,bio-oil-60ml.webp,NO,medium,consumer category: Beauty & Toiletries,,
biovene-spf-50-serum,BIOVENE SPF 50 SERUM,105.00,yes,Beauty & Toiletries,biovene-spf-50-serum.jpg,NO,medium,consumer category: Beauty & Toiletries,,
bird-camphor,BIRD CAMPHOR,9.00,yes,Other,bird-camphor.jpg,NO,medium,consumer category: Other,,
bisoprolol-5mg-tabs-sandox,BISOPROLOL 5MG TABS SANDOX,1.00,yes,,bisoprolol-5mg-tabs-sandox.webp,YES,high,prescription-only active: bisoprol,,
blue-diamond-air-freshener,BLUE DIAMOND AIR FRESHENER,15.00,yes,Other,blue-diamond-air-freshener.png,NO,medium,consumer category: Other,,
blue-magic-pomade,BLUE MAGIC POMADE,84.00,yes,Beauty & Toiletries,blue-magic-pomade.jpg,NO,medium,consumer category: Beauty & Toiletries,,
blue-polar-ice-gel-227g,BLUE POLAR ICE GEL 227G,42.00,yes,,blue-polar-ice-gel-227g.jpg,NO,low,REVIEW — no category and no dosage form,,
bod-man-spray,BOD MAN SPRAY,70.00,yes,Beauty & Toiletries,bod-man-spray.jpg,NO,medium,consumer category: Beauty & Toiletries,,
body-philosophy-sanitizer,BODY PHILOSOPHY SANITIZER,7.00,yes,Other,body-philosophy-sanitizer.webp,NO,medium,consumer category: Other,,
bonaplex-syrup-250ml,BONAPLEX SYRUP 250ML,65.00,yes,Vitamins & Supplements,bonaplex-syrup-250ml.jpg,YES,low,"REVIEW — dosage form, active not recognised",,
bondi-sands-s-s,BONDI SANDS SUNSCREEN LOTION,199.00,yes,Beauty & Toiletries,bondi-sands-s-s.jpg,NO,high,general-sale: lotion,,
bonjela-junior-gel,BONJELA ADULT  GEL,135.00,yes,,bonjela-junior-gel.jpg,NO,low,REVIEW — no category and no dosage form,,
bonnisan-syrup,BONNISAN SYRUP,59.00,yes,,bonnisan-syrup.jpg,YES,low,"REVIEW — dosage form, no consumer category, active not recognised",,
borges-extra-virgin-olive-oil-500ml,BORGES EXTRA VIRGIN OLIVE OIL 500ML,200.00,no,Other,borges-extra-virgin-olive-oil-500ml.jpg,NO,medium,consumer category: Other,,
borges-olive-oil-125ml,BORGES OLIVE OIL 125ML,59.00,yes,Other,borges-olive-oil-125ml.jpg,NO,medium,consumer category: Other,,
boric-life-boric-acid-vaginal-pessary-600mg-30s,BORIC LIFE BORIC ACID VAGINAL PESSARY 600MG 30'S,288.00,yes,Vitamins & Supplements,boric-life-boric-acid-vaginal-pessary-600mg-30s.webp,YES,low,"REVIEW — dosage form, active not recognised",,
bragg-vinegar-b-s,BRAGG VINEGAR B/S,195.00,yes,Other,bragg-vinegar-b-s.jpg,NO,medium,consumer category: Other,,
bragg-vinegar-s-s,BRAGG VINEGAR S/S,130.00,yes,Other,bragg-vinegar-s-s.jpg,NO,medium,consumer category: Other,,
breast-pad-36s,BREAST PAD 36S,55.00,yes,Feminine Care,breast-pad-36s.jpg,NO,medium,consumer category: Feminine Care,,
bref-rim-deluxe-block-50g,BREF RIM DELUXE BLOCK 50G,48.00,yes,Other,bref-rim-deluxe-block-50g.jpg,NO,medium,consumer category: Other,,
brown-gold,BROWN GOLD,42.00,yes,Other,brown-gold.webp,NO,medium,consumer category: Other,,
brown-sugar-b-s,BROWN SUGAR B/S,22.00,yes,Other,brown-sugar-b-s.png,NO,medium,consumer category: Other,,
brut-deo-spray,BRUT DEO SPRAY,40.00,yes,Beauty & Toiletries,brut-deo-spray.webp,NO,medium,consumer category: Beauty & Toiletries,,
bubble-hydrogel-under-eye-patches,BUBBLE HYDROGEL UNDER EYE PATCHES,30.00,yes,Beauty & Toiletries,bubble-hydrogel-under-eye-patches.webp,NO,medium,consumer category: Beauty & Toiletries,,
buscomed-tab-10mg,BUSCOMED TAB 10MG,7.00,yes,,buscomed-tab-10mg.jpg,YES,low,"REVIEW — dosage form, no consumer category, active not recognised",,
c-press-eye-drop,C-PRESS EYE DROP,85.00,yes,,c-press-eye-drop.jpg,NO,low,REVIEW — no category and no dosage form,,
cafhelp-tongue-cleaner,Cafhelp Tongue Cleaner,90.00,no,Beauty & Toiletries | Other,cafhelp-tongue-cleaner.jpg,NO,medium,consumer category: Beauty & Toiletries,,
calamine-lotion-200ml-care,CALAMINE LOTION 200ML (CARE),63.00,yes,Beauty & Toiletries,calamine-lotion-200ml-care.jpg,NO,high,general-sale: lotion,,
calamine-ointment-40g-dannex,CALAMINE OINTMENT 40G (DANNEX),18.00,yes,,calamine-ointment-40g-dannex.jpg,YES,low,"REVIEW — dosage form, no consumer category, active not recognised",,
calcium-d3-effervescent-tabs,CALCIUM + D3 EFFERVESCENT TABS,104.00,no,Vitamins & Supplements,calcium-d3-effervescent-tabs.jpg,NO,medium,general-sale active (calcium) in a dosage form,,
calcury-tabs,CALCURY TABS,64.00,yes,,calcury-tabs.jpg,YES,low,"REVIEW — dosage form, no consumer category, active not recognised",,
calpol-2-susp,CALPOL 2+ SUSP,120.00,yes,,calpol-2-susp.webp,YES,low,"REVIEW — dosage form, no consumer category, active not recognised",,
camel-125ml,CAMEL 125ML,20.00,yes,Beauty & Toiletries,camel-125ml.jpg,NO,medium,consumer category: Beauty & Toiletries,,
camel-500ml,CAMEL 500ML,78.00,yes,Beauty & Toiletries,camel-500ml.webp,NO,medium,consumer category: Beauty & Toiletries,,
camel-bar-soap,CAMEL BAR SOAP,15.00,yes,Other,camel-bar-soap.png,NO,high,general-sale: soap,,
candibiotic-ear-drop,CANDIBIOTIC EAR DROP,72.00,yes,,candibiotic-ear-drop.webp,NO,low,REVIEW — no category and no dosage form,,
cantu-conditioner,CANTU CONDITIONER,78.00,yes,Beauty & Toiletries,cantu-conditioner.jpg,NO,medium,consumer category: Beauty & Toiletries,,
cantu-shampoo,CANTU SHAMPOO,88.00,yes,Beauty & Toiletries,cantu-shampoo.jpg,NO,high,general-sale: shampoo,,
carbimazole-5mg-tabs-100s,CARBIMAZOLE 5MG TABS 100'S,18.00,yes,,carbimazole-5mg-tabs-100s.jpg,YES,high,prescription-only active: carbimazol,,
care-olive-ear-drop-10ml,CARE OLIVE EAR DROP 10ML,65.00,yes,,care-olive-ear-drop-10ml.jpg,NO,low,REVIEW — no category and no dosage form,,
carvedilol-12-5mg-coryol,CARVEDILOL 12.5MG (CORYOL),6.00,no,,carvedilol-12-5mg-coryol.jpg,YES,high,prescription-only active: carvedilol,,
carvedilol-6-25mg-coryol,CARVEDILOL 6.25MG (CORYOL),5.00,yes,,carvedilol-6-25mg-coryol.jpg,YES,high,prescription-only active: carvedilol,,
catheter-silicone-2-way-18,CATHETER SILICONE 2-WAY 18,30.00,yes,Other,catheter-silicone-2-way-18.jpg,NO,medium,consumer category: Other,,
ceptic-adapter-kits,Ceptic adapter kits,500.00,yes,Other,ceptic-adapter-kits.jpg,NO,medium,consumer category: Other,,
cerave-blemish-control-cleanser,CERAVE BLEMISH CONTROL CLEANSER,192.00,yes,Beauty & Toiletries,cerave-blemish-control-cleanser.png,NO,medium,consumer category: Beauty & Toiletries,,
cerave-foaming-cleansers-236ml,CERAVE FOAMING CLEANSERS 236ML,258.00,yes,Beauty & Toiletries,cerave-foaming-cleansers-236ml.jpg,NO,medium,consumer category: Beauty & Toiletries,,
cerave-hydrating-mineral-sunscreen,CERAVE HYDRATING  MINERAL SUNSCREEN,200.00,yes,Beauty & Toiletries,cerave-hydrating-mineral-sunscreen.jpg,NO,medium,consumer category: Beauty & Toiletries,,
cerave-moisturizing-body-cream-340g,CERAVE MOISTURIZING BODY CREAM 340G,300.00,yes,Beauty & Toiletries,cerave-moisturizing-body-cream-340g.jpg,NO,medium,consumer category: Beauty & Toiletries,,
cerave-moisturizing-body-lotion,CERAVE MOISTURIZING BODY LOTION,175.00,yes,Beauty & Toiletries,cerave-moisturizing-body-lotion.jpg,NO,high,general-sale: lotion,,
cerave-retinol-serum,CERAVE RETINOL SERUM,204.00,yes,Beauty & Toiletries,cerave-retinol-serum.jpg,NO,medium,consumer category: Beauty & Toiletries,,
cervical-collar-soft-collar,CERVICAL COLLAR (SOFT COLLAR),120.00,yes,Other,cervical-collar-soft-collar.webp,NO,medium,consumer category: Other,,
cetaphil-body-cleansers-473ml,CETAPHIL BODY CLEANSERS 473ML,250.00,yes,Beauty & Toiletries,cetaphil-body-cleansers-473ml.webp,NO,medium,consumer category: Beauty & Toiletries,,
cetaphil-make-up-remover-177ml,CETAPHIL MAKE-UP REMOVER 177ML,90.00,yes,Beauty & Toiletries,cetaphil-make-up-remover-177ml.webp,NO,medium,consumer category: Beauty & Toiletries,,
challenge-insect-repellent-camphor,CHALLENGE INSECT REPELLENT (CAMPHOR),8.00,yes,Other,challenge-insect-repellent-camphor.jpg,NO,medium,consumer category: Other,,
chambers-pomade,CHAMBERS POMADE,30.00,yes,Beauty & Toiletries,chambers-pomade.jpg,NO,medium,consumer category: Beauty & Toiletries,,
chapter-2000,CHAPTER 2000,29.00,yes,Beauty & Toiletries,chapter-2000.jpg,NO,medium,consumer category: Beauty & Toiletries,,
charm-starch-spray-easy-iron,CHARM STARCH SPRAY & EASY IRON,26.00,yes,Other,charm-starch-spray-easy-iron.jpg,NO,medium,consumer category: Other,,
cherry-blossom-salt-scrub,CHERRY BLOSSOM SALT SCRUB,65.00,no,Beauty & Toiletries,cherry-blossom-salt-scrub.jpg,NO,medium,consumer category: Beauty & Toiletries,,
chewable-vitamin-c-500mg-60s,CHEWABLE VITAMIN C 500MG 60S,65.00,no,Vitamins & Supplements,chewable-vitamin-c-500mg-60s.jpg,NO,medium,general-sale active (vitamin) in a dosage form,,
chocho-cream,CHOCHO CREAM,12.00,yes,Other,chocho-cream.jpg,NO,medium,consumer category: Other,,
chupa-chop-lip-balm,CHUPA CHOP LIP BALM,20.00,yes,Beauty & Toiletries,chupa-chop-lip-balm.webp,NO,medium,consumer category: Beauty & Toiletries,,
cialis-20mg,CIALIS 20MG,176.00,no,,cialis-20mg.jpg,YES,low,"REVIEW — dosage form, no consumer category, active not recognised",,
cien-floral-bouqet,CIEN FLORAL BOUQET,48.00,yes,Beauty & Toiletries,cien-floral-bouqet.jpg,NO,medium,consumer category: Beauty & Toiletries,,
cien-invisible-fresh,CIEN INVISIBLE FRESH,50.00,yes,Beauty & Toiletries,cien-invisible-fresh.jpg,NO,medium,consumer category: Beauty & Toiletries,,
cien-men,CIEN MEN,50.00,yes,Beauty & Toiletries,cien-men.webp,NO,medium,consumer category: Beauty & Toiletries,,
cien-original,CIEN ORIGINAL,48.00,yes,Beauty & Toiletries,cien-original.jpg,NO,medium,consumer category: Beauty & Toiletries,,
ciprinol-tabs-500mg,CIPRINOL TABS 500MG,150.00,yes,,ciprinol-tabs-500mg.jpg,YES,high,prescription-only active: ciprinol,,
ciprofloxacin-cipro-denk-500mg-tabs-10s,CIPROFLOXACIN (CIPRO DENK) 500MG TABS 10S,130.00,yes,,ciprofloxacin-cipro-denk-500mg-tabs-10s.jpg,YES,high,prescription-only active: ciproflox,,
ciprolex-500mg-tabs,CIPROLEX 500MG TABS,30.00,yes,,ciprolex-500mg-tabs.jpg,YES,low,"REVIEW — dosage form, no consumer category, active not recognised",,
ciprolex-eye-ointment-40g,CIPROLEX EYE OINTMENT 40G,30.00,yes,,ciprolex-eye-ointment-40g.jpg,YES,low,"REVIEW — dosage form, no consumer category, active not recognised",,
ciprolex-eye-ear-drops-5ml-1,CIPROLEX EYE/EAR DROPS 5ML,30.00,yes,,ciprolex-eye-ear-drops-5ml-1.jpg,NO,low,REVIEW — no category and no dosage form,,
citro-c-syrup,CITRO C SYRUP,17.00,yes,Vitamins & Supplements,citro-c-syrup.jpg,YES,low,"REVIEW — dosage form, active not recognised",,
clarithromycin-500mg-b-clar,CLARITHROMYCIN 500MG (B-CLAR),50.00,yes,,clarithromycin-500mg-b-clar.jpg,YES,high,prescription-only active: clarithro,,
clarithromycin-500mg-tab-exeter,CLARITHROMYCIN 500MG TAB (EXETER),98.00,no,,clarithromycin-500mg-tab-exeter.jpg,YES,high,prescription-only active: clarithro,,
classic-intimate-wipes,CLASSIC INTIMATE WIPES,10.00,yes,Beauty & Toiletries,classic-intimate-wipes.png,NO,high,general-sale: wipes,,
clean-and-clear-blackhead-scrub-150ml,CLEAN AND CLEAR BLACKHEAD SCRUB 150ML,26.40,no,Beauty & Toiletries,clean-and-clear-blackhead-scrub-150ml.jpg,NO,medium,consumer category: Beauty & Toiletries,,
clean-sponge,CLEAN SPONGE FACIAL CLEANSING PADS,79.00,yes,Beauty & Toiletries | Feminine Care,clean-sponge.jpg,NO,high,general-sale: pads,,
clear-essence-lotion,CLEAR ESSENCE LOTION,111.00,no,Beauty & Toiletries,clear-essence-lotion.jpg,NO,high,general-sale: lotion,,
clear-essence-medicated-fade-cream-113-5,CLEAR ESSENCE MEDICATED FADE CREAM 113.5,111.00,no,Beauty & Toiletries,clear-essence-medicated-fade-cream-113-5.jpg,NO,medium,consumer category: Beauty & Toiletries,,
clere-cocoa-lotion,CLERE COCOA LOTION,42.00,yes,Beauty & Toiletries,clere-cocoa-lotion.jpg,NO,high,general-sale: lotion,,
clere-cream,CLERE CREAM,48.00,yes,Beauty & Toiletries,clere-cream.jpg,NO,medium,consumer category: Beauty & Toiletries,,
clindamycin-gel-1-tidact,CLINDAMYCIN GEL 1% (TIDACT),59.00,yes,,clindamycin-gel-1-tidact.jpg,YES,high,prescription-only active: clindamyc,,
co-amoksiclav-457-susp-vega,CO-AMOKSICLAV 457 SUSP. (VEGA),52.00,yes,,co-amoksiclav-457-susp-vega.jpg,YES,low,"REVIEW — dosage form, no consumer category, active not recognised",,
coartem-80-480-6s,COARTEM 80/480 6'S,114.00,yes,,coartem-80-480-6s.jpg,NO,low,REVIEW — no category and no dosage form,,
coconut-salt-scrab,COCONUT SALT SCRAB,65.00,yes,Beauty & Toiletries,coconut-salt-scrab.webp,NO,medium,consumer category: Beauty & Toiletries,,
coconut-salt-scrub-dead-sea,COCONUT SALT SCRUB DEAD SEA,65.00,yes,Beauty & Toiletries,coconut-salt-scrub-dead-sea.jpg,NO,medium,consumer category: Beauty & Toiletries,,
colgate-charcoal-toothbrush,COLGATE CHARCOAL TOOTHBRUSH,15.00,yes,Beauty & Toiletries,colgate-charcoal-toothbrush.jpg,NO,high,general-sale: toothbrush,,
colgate-first-smiles-0-5,COLGATE FIRST SMILES,32.00,yes,Baby,colgate-first-smiles-0-5.jpg,NO,medium,consumer category: Baby,,
colgate-first-smiles-0-2,COLGATE FIRST SMILES 0-2,32.00,yes,Baby,colgate-first-smiles-0-2.jpg,NO,medium,consumer category: Baby,,
colgate-mouthwash-500ml,COLGATE MOUTHWASH 500ML,57.00,yes,Beauty & Toiletries,colgate-mouthwash-500ml.jpg,NO,medium,consumer category: Beauty & Toiletries,,
collagen-peptides-gg,COLLAGEN PEPTIDES GUMMIES 60'S,360.00,yes,Vitamins & Supplements,collagen-peptides-gg.jpg,NO,medium,consumer category: Vitamins & Supplements,,
colour-me-perfume-1,COLOUR ME PERFUME,115.00,yes,Beauty & Toiletries,colour-me-perfume-1.jpg,NO,high,general-sale: perfume,,
colour-me-perfume,COLOUR ME PERFUME,96.00,yes,Beauty & Toiletries,colour-me-perfume.jpg,NO,high,general-sale: perfume,,
comfort-fab-cond,COMFORT FAB COND,65.00,yes,Other,comfort-fab-cond.jpg,NO,medium,consumer category: Other,,
comfort-fab-cond-1-9l,COMFORT FAB COND 1.9L,69.00,yes,Other,comfort-fab-cond-1-9l.webp,NO,medium,consumer category: Other,,
comfort-fabric-cond,COMFORT FABRIC COND,155.00,yes,Other,comfort-fabric-cond.jpg,NO,medium,consumer category: Other,,
comit-50mg,COMIT 50MG,21.00,yes,,comit-50mg.jpg,YES,low,"REVIEW — dosage form, no consumer category, active not recognised",,
congestyl-syrup-60ml,CONGESTYL SYRUP 60ML,37.00,yes,,congestyl-syrup-60ml.jpg,YES,low,"REVIEW — dosage form, no consumer category, active not recognised",,
congestyl-tabs,CONGESTYL TABS,21.00,yes,,congestyl-tabs.jpg,YES,low,"REVIEW — dosage form, no consumer category, active not recognised",,
cool-eye-drops,COOL EYE DROPS,72.00,yes,,cool-eye-drops.jpg,NO,low,REVIEW — no category and no dosage form,,
cotton-100g,COTTON 100G,20.00,yes,Other,,NO,medium,consumer category: Other,,
cotton-50g,COTTON 50G,12.00,yes,Other,cotton-50g.png,NO,medium,consumer category: Other,,
cotton-bud-s-s,COTTON BUD S/S,6.00,yes,Other,cotton-bud-s-s.jpg,NO,medium,consumer category: Other,,
creightons-hand-cream,CREIGHTONS HAND CREAM,35.00,yes,Beauty & Toiletries,creightons-hand-cream.png,NO,medium,consumer category: Beauty & Toiletries,,
crepe-bandage-2-inch,CREPE BANDAGE 2 INCH,7.00,yes,Other,crepe-bandage-2-inch.jpg,NO,high,general-sale: bandage,,
crepe-bandage-3,"CREPE BANDAGE 3""""",8.00,yes,Other,crepe-bandage-3.webp,NO,high,general-sale: bandage,,
crepe-bandage-6,"CREPE BANDAGE 6""""",13.00,yes,Other,crepe-bandage-6.jpg,NO,high,general-sale: bandage,,
crepe-bandage-elastic-4,CREPE BANDAGE ELASTIC 4'',12.00,yes,Other,crepe-bandage-elastic-4.jpg,NO,high,general-sale: bandage,,
crepe-bandage-elastic-6,"CREPE BANDAGE ELASTIC 6""""",16.00,yes,Other,crepe-bandage-elastic-6.webp,NO,high,general-sale: bandage,,
cussons-powder,CUSSONS POWDER,20.00,yes,Baby,cussons-powder.webp,NO,medium,consumer category: Baby,,
daflon-diosmin-500mg-tabs-30s,DAFLON (DIOSMIN) 500MG TABS 30S,10.00,yes,,daflon-diosmin-500mg-tabs-30s.webp,YES,low,"REVIEW — dosage form, no consumer category, active not recognised",,
dannex-sulphur-ointment-40g,DANNEX SULPHUR OINTMENT 40G,18.00,yes,,dannex-sulphur-ointment-40g.jpg,YES,low,"REVIEW — dosage form, no consumer category, active not recognised",,
daonil-glibenclamide-5mg-tabs,DAONIL (GLIBENCLAMIDE)  5MG TABS,150.00,yes,,daonil-glibenclamide-5mg-tabs.webp,YES,high,prescription-only active: glibenclam,,
dax-hair-pomade,DAX HAIR POMADE,90.00,yes,Beauty & Toiletries,dax-hair-pomade.jpg,NO,medium,consumer category: Beauty & Toiletries,,
dead-sea-salt-scrub-coconut,DEAD SEA SALT SCRUB COCONUT,95.00,yes,Beauty & Toiletries,dead-sea-salt-scrub-coconut.jpg,NO,medium,consumer category: Beauty & Toiletries,,
dear-body-body-splash-2,DEAR BODY BODY SPLASH,50.00,yes,Beauty & Toiletries,dear-body-body-splash-2.jpg,NO,medium,consumer category: Beauty & Toiletries,,
dear-body-body-splash-1,DEAR BODY BODY SPLASH,50.00,yes,Beauty & Toiletries,dear-body-body-splash-1.webp,NO,medium,consumer category: Beauty & Toiletries,,
dear-body-body-splash,DEAR BODY BODY SPLASH,50.00,yes,Beauty & Toiletries,dear-body-body-splash.jpg,NO,medium,consumer category: Beauty & Toiletries,,
dear-body-gift-set-3-in-1,DEAR BODY GIFT SET 3 IN 1,137.00,no,Beauty & Toiletries,dear-body-gift-set-3-in-1.webp,NO,medium,consumer category: Beauty & Toiletries,,
deep-freeze-cold-spray-150ml,DEEP FREEZE COLD SPRAY 150ML,108.00,yes,,deep-freeze-cold-spray-150ml.jpg,NO,low,REVIEW — no category and no dosage form,,
deep-fregrance,DEEP FREGRANCE,145.00,yes,Beauty & Toiletries,deep-fregrance.jpg,NO,medium,consumer category: Beauty & Toiletries,,
deep-heat-rub-35g,DEEP HEAT RUB 35G,51.00,yes,,deep-heat-rub-35g.webp,NO,low,REVIEW — no category and no dosage form,,
deep-heat-rub-67g,DEEP HEAT RUB 67G,60.00,yes,,deep-heat-rub-67g.jpg,NO,low,REVIEW — no category and no dosage form,,
defence-tea,DEFENCE TEA,49.00,yes,Other,defence-tea.jpg,NO,medium,consumer category: Other,,
degree-deo-stick,DEGREE DEO STICK,72.00,yes,Beauty & Toiletries,degree-deo-stick.webp,NO,medium,consumer category: Beauty & Toiletries,,
degree-men-deodorant-ultra-clear,Degree men deodorant (Ultra Clear),146.00,yes,Beauty & Toiletries,degree-men-deodorant-ultra-clear.jpg,NO,high,general-sale: deodorant,,
derma-lip-balm,DERMA LIP BALM,30.00,yes,Beauty & Toiletries,derma-lip-balm.jpg,NO,medium,consumer category: Beauty & Toiletries,,
detangle-hair-brush,DETANGLE HAIR BRUSH,20.00,yes,Beauty & Toiletries,detangle-hair-brush.webp,NO,medium,consumer category: Beauty & Toiletries,,
dettol,DETTOL,70.00,yes,Other,dettol.jpg,NO,medium,consumer category: Other,,
devamin-multivitamin-syrup,DEVAMIN MULTIVITAMIN SYRUP,39.00,yes,Vitamins & Supplements,devamin-multivitamin-syrup.webp,NO,medium,general-sale active (vitamin) in a dosage form,,
dexamethasone-tabs-0-5mg,DEXAMETHASONE TABS 0.5MG,5.00,yes,,dexamethasone-tabs-0-5mg.png,YES,high,prescription-only active: dexamethas,,
dextrolite,DEXTROLITE,2.50,yes,,dextrolite.jpg,NO,low,REVIEW — no category and no dosage form,,
diagellates-elixir-125ml,DIAGELLATES ELIXIR 125ML,26.00,yes,,diagellates-elixir-125ml.png,NO,low,REVIEW — no category and no dosage form,,
diazepam-5mg-tabs,DIAZEPAM 5MG TABS,1.00,yes,,,YES,high,controlled substance: diazepam,,
diazepam-tabs-10mg-500s,DIAZEPAM TABS 10MG 500S,1.00,yes,,diazepam-tabs-10mg-500s.png,YES,high,controlled substance: diazepam,,
diclo-denk-supp-100mg,DICLO-DENK SUPP 100MG,8.50,yes,,diclo-denk-supp-100mg.jpg,YES,low,"REVIEW — dosage form, no consumer category, active not recognised",,
diclofenac-supp-100mg-reyoung-10s,DICLOFENAC SUPP. 100MG (REYOUNG) 10'S,2.00,yes,,diclofenac-supp-100mg-reyoung-10s.jpg,YES,low,"REVIEW — dosage form, no consumer category, active not recognised",,
domadol-tramadol-50mg-100s,DOMADOL (TRAMADOL) 50MG 100S,25.00,yes,,,YES,high,controlled substance: tramadol,,
dove-deo-spray-men-250ml,DOVE DEO SPRAY MEN,46.00,yes,Beauty & Toiletries,dove-deo-spray-men-250ml.jpg,NO,medium,consumer category: Beauty & Toiletries,,
dove-hand-cream,DOVE HAND CREAM,55.00,yes,Beauty & Toiletries,dove-hand-cream.webp,NO,medium,consumer category: Beauty & Toiletries,,
dove-roll-on-women,DOVE ROLL ON WOMEN,21.00,yes,Beauty & Toiletries,dove-roll-on-women.jpg,NO,high,general-sale: roll on,,
dr-teals-wash,DR. TEALS WASH,150.00,yes,Beauty & Toiletries,dr-teals-wash.webp,NO,medium,consumer category: Beauty & Toiletries,,
dulcolax-10mg-suppository-12s,DULCOLAX  10MG SUPPOSITORY 12'S,9.00,yes,,dulcolax-10mg-suppository-12s.webp,YES,low,"REVIEW — dosage form, no consumer category, active not recognised",,
dulcolax-5mg-tab-20s,DULCOLAX 5MG TAB 20'S,4.50,yes,,dulcolax-5mg-tab-20s.png,YES,low,"REVIEW — dosage form, no consumer category, active not recognised",,
durex-extra-safe-12ss,DUREX EXTRA SAFE 12SS,105.00,yes,,durex-extra-safe-12ss.jpg,NO,low,REVIEW — no category and no dosage form,,
durex-feel-condom,DUREX FEEL CONDOM,14.00,yes,Other,durex-feel-condom.jpg,NO,medium,consumer category: Other,,
durex-play-lube-50ml,DUREX PLAY (LUBE) 50ML,112.00,yes,,durex-play-lube-50ml.webp,NO,low,REVIEW — no category and no dosage form,,
durex-play-lube-200ml,DUREX PLAY LUBE 200ML,220.00,yes,Other,durex-play-lube-200ml.webp,NO,medium,consumer category: Other,,
duromine-caps-30mg,DUROMINE CAPS 30MG,1170.00,yes,,duromine-caps-30mg.jpg,YES,low,"REVIEW — dosage form, no consumer category, active not recognised",,
dymol-tabs-50mg-500mg,DYMOL TABS 50MG/500MG,13.00,no,,dymol-tabs-50mg-500mg.png,YES,low,"REVIEW — dosage form, no consumer category, active not recognised",,
dynamogen-oral-solution,DYNAMOGEN ORAL SOLUTION,7.00,yes,,dynamogen-oral-solution.jpg,NO,low,REVIEW — no category and no dosage form,,
dynewell-syrup,DYNEWELL SYRUP,11.00,yes,,dynewell-syrup.png,YES,low,"REVIEW — dosage form, no consumer category, active not recognised",,
e45-cream-125g,E45 CREAM 125G,140.00,yes,,e45-cream-125g.jpg,NO,low,REVIEW — no category and no dosage form,,
e45-cream-50g,E45 CREAM 50G,52.00,yes,Other,e45-cream-50g.jpg,NO,medium,consumer category: Other,,
e45-lotion-500ml,E45 LOTION 500ML,143.00,yes,Beauty & Toiletries,e45-lotion-500ml.png,NO,high,general-sale: lotion,,
easy-check-pregnancy-test-in-a-box-pack,EASY CHECK PREGNANCY TEST (IN A BOX PACK),11.00,yes,Other,,NO,medium,consumer category: Other,,
easylife-vit-c,EASYLIFE VIT C,59.00,yes,Vitamins & Supplements,easylife-vit-c.jpg,NO,medium,consumer category: Vitamins & Supplements,,
ebin-lace-adhesive-spray,EBIN  LACE ADHESIVE SPRAY,84.00,yes,Beauty & Toiletries,ebin-lace-adhesive-spray.jpg,NO,medium,consumer category: Beauty & Toiletries,,
efpac-jnr-syrup,EFPAC JNR SYRUP,17.50,yes,,efpac-jnr-syrup.jpg,YES,low,"REVIEW — dosage form, no consumer category, active not recognised",,
elizabeth-taylor-white-diamonds,Elizabeth Taylor white Diamonds,780.00,yes,Beauty & Toiletries,elizabeth-taylor-white-diamonds.jpg,NO,medium,consumer category: Beauty & Toiletries,,
enafix-tab-200mg-cefixime,ENAFIX TAB 200MG (CEFIXIME),3.00,yes,,enafix-tab-200mg-cefixime.jpg,YES,high,prescription-only active: cefixim,,
enamycin-250mg-tabs-erythromycin,ENAMYCIN 250MG TABS (ERYTHROMYCIN),1.00,yes,,enamycin-250mg-tabs-erythromycin.jpg,YES,high,prescription-only active: erythromyc,,
enaphage-metformin-tab-500mg,ENAPHAGE (METFORMIN) TAB 500MG,3.00,yes,,enaphage-metformin-tab-500mg.jpg,YES,high,prescription-only active: metformin,,
energizer-aa-2,ENERGIZER AA*2,28.00,yes,Other,energizer-aa-2.jpg,NO,medium,consumer category: Other,,
energizer-aaa-2,ENERGIZER AAA*2,40.00,yes,Other,energizer-aaa-2.webp,NO,medium,consumer category: Other,,
ensure-original-nutritional-shake,ENSURE ORIGINAL NUTRITIONAL SHAKE,42.00,yes,Vitamins & Supplements,ensure-original-nutritional-shake.jpg,NO,medium,consumer category: Vitamins & Supplements,,
epilim-tabs-200mg,EPILIM TABS 200MG,29.00,yes,,epilim-tabs-200mg.jpg,YES,low,"REVIEW — dosage form, no consumer category, active not recognised",,
essential-embrocation-27ml,ESSENTIAL EMBROCATION 27ML,17.00,yes,Other,essential-embrocation-27ml.jpg,NO,medium,consumer category: Other,,
euthymol-t-paste,EUTHYMOL T/PASTE,48.00,yes,Beauty & Toiletries,euthymol-t-paste.jpg,NO,medium,consumer category: Beauty & Toiletries,,
evanova-caps,EVANOVA CAPS,104.00,yes,,evanova-caps.jpg,YES,low,"REVIEW — dosage form, no consumer category, active not recognised",,
eversheen-cream-b-s,EVERSHEEN CREAM B/S,32.00,yes,Beauty & Toiletries,eversheen-cream-b-s.jpg,NO,medium,consumer category: Beauty & Toiletries,,
exforge-10-160mg-tabs-28s,EXFORGE  10/160MG TABS 28'S,17.00,yes,,exforge-10-160mg-tabs-28s.jpg,YES,low,"REVIEW — dosage form, no consumer category, active not recognised",,
exforge-hct-10mg-160mg-25mg-tabs-28s,EXFORGE HCT 10MG/160MG/25MG TABS 28S,16.00,yes,,exforge-hct-10mg-160mg-25mg-tabs-28s.jpg,YES,low,"REVIEW — dosage form, no consumer category, active not recognised",,
extraimmune-syrup-200ml,EXTRAIMMUNE SYRUP 200ML,78.00,yes,,extraimmune-syrup-200ml.webp,YES,low,"REVIEW — dosage form, no consumer category, active not recognised",,
ezy-dose-push-button-pill-case-am-pm,Ezy dose push button pill case Am&Pm,145.00,yes,Other,ezy-dose-push-button-pill-case-am-pm.jpg,NO,medium,consumer category: Other,,
f-w-anti-blemish-pureskin-cream,F&W ANTI BLEMISH PURESKIN CREAM,90.00,yes,Beauty & Toiletries,f-w-anti-blemish-pureskin-cream.webp,NO,medium,consumer category: Beauty & Toiletries,,
face-mask-black,FACE MASK - BLACK,2.00,no,Other,face-mask-black.jpg,NO,medium,consumer category: Other,,
fair-white-exclusive-lotion,FAIR & WHITE EXCLUSIVE LOTION,250.00,yes,Beauty & Toiletries,fair-white-exclusive-lotion.webp,NO,high,general-sale: lotion,,
family-care-1-weak-pills-chest,FAMILY CARE 1 WEAK PILLS CHEST,45.00,yes,,family-care-1-weak-pills-chest.jpg,NO,low,REVIEW — no category and no dosage form,,
faytex,FAYTEX,19.00,yes,Feminine Care,faytex.webp,NO,medium,consumer category: Feminine Care,,
feeder-in-bag,FEEDER IN BAG,52.00,yes,Baby,feeder-in-bag.webp,NO,medium,consumer category: Baby,,
feeder-in-box,FEEDER IN BOX,40.00,yes,Baby,feeder-in-box.jpg,NO,medium,consumer category: Baby,,
femfresh-intimate-wash-250ml,FEMFRESH INTIMATE WASH 250ML,56.00,yes,Beauty & Toiletries | Feminine Care,femfresh-intimate-wash-250ml.jpg,NO,medium,consumer category: Beauty & Toiletries,,
ferofix-syrup,FEROFIX SYRUP,11.00,yes,,ferofix-syrup.jpg,YES,low,"REVIEW — dosage form, no consumer category, active not recognised",,
feroglobin-caps-30s,FEROGLOBIN CAPS 30S,105.00,yes,Vitamins & Supplements,feroglobin-caps-30s.jpg,YES,low,"REVIEW — dosage form, active not recognised",,
feroglobin-plus,FEROGLOBIN PLUS,196.00,yes,,feroglobin-plus.jpg,NO,low,REVIEW — no category and no dosage form,,
fiesta-condom-all-types,FIESTA CONDOM ALL TYPES,9.00,yes,Other,fiesta-condom-all-types.jpg,NO,medium,consumer category: Other,,
first-aid-bag-red,FIRST AID BAG RED,50.00,yes,Other,first-aid-bag-red.jpg,NO,medium,consumer category: Other,,
first-aid-bag-navy-2-in-1,FIRST AID KIT,280.00,yes,Other,first-aid-bag-navy-2-in-1.jpg,NO,medium,consumer category: Other,,
fish-pacifier,FISH PACIFIER,20.00,yes,Baby,fish-pacifier.jpg,NO,medium,consumer category: Baby,,
fishermans-friend,FISHERMAN'S FRIEND,26.00,yes,,fishermans-friend.jpg,NO,low,REVIEW — no category and no dosage form,,
fishmonger-mackerel-fillets-in-tomato,FISHMONGER MACKEREL FILLETS IN TOMATO,22.00,yes,Other,fishmonger-mackerel-fillets-in-tomato.jpg,NO,medium,consumer category: Other,,
fishmonger-sardine-in-sunflower,FISHMONGER SARDINE IN SUNFLOWER,22.00,yes,Other,fishmonger-sardine-in-sunflower.webp,NO,medium,consumer category: Other,,
flucor-day-gel-8s,FLUCOR DAY GEL 8'S,70.00,yes,,flucor-day-gel-8s.jpg,NO,low,REVIEW — no category and no dosage form,,
flurest-tabs,FLUREST TABS,45.00,yes,,flurest-tabs.webp,YES,low,"REVIEW — dosage form, no consumer category, active not recognised",,
flushable-toilet-seat-covers,FLUSHABLE TOILET SEAT COVERS,60.00,yes,Other,,NO,medium,consumer category: Other,,
fluxacin-caps-500mg,FLUXACIN CAPS 500MG,2.00,yes,,,YES,low,"REVIEW — dosage form, no consumer category, active not recognised",,
folic-acid-5mg-pharmanova,FOLIC ACID 5MG (PHARMANOVA),1.00,yes,,folic-acid-5mg-pharmanova.webp,NO,medium,general-sale active (folic acid) in a dosage form,,
foligrow-caps-30s,FOLIGROW CAPS 30S,28.00,yes,,foligrow-caps-30s.webp,YES,low,"REVIEW — dosage form, no consumer category, active not recognised",,
fresh-breath,FRESH BREATH,24.00,yes,Beauty & Toiletries,fresh-breath.jpg,NO,medium,consumer category: Beauty & Toiletries,,
fridge-odor-absorber,FRIDGE ODOR ABSORBER,40.00,yes,Other,fridge-odor-absorber.webp,NO,medium,consumer category: Other,,
fruiser-bath-gel-1l,FRUISER BATH GEL 1L,72.00,yes,Beauty & Toiletries,fruiser-bath-gel-1l.jpg,NO,medium,consumer category: Beauty & Toiletries,,
funtime-lubes-75mls,FUNTIME LUBES 75MLS,51.00,yes,Other,funtime-lubes-75mls.jpg,NO,medium,consumer category: Other,,
gacet-250mg-supp-para-1,GACET 250MG SUPP (PARA),2.00,yes,,gacet-250mg-supp-para-1.jpg,YES,low,"REVIEW — dosage form, no consumer category, active not recognised",,
gacet-250mg-supp-para,GACET 250MG SUPP (PARA),2.00,yes,,gacet-250mg-supp-para.jpg,YES,low,"REVIEW — dosage form, no consumer category, active not recognised",,
galaxy-plus-xpose-deo-spray,GALAXY PLUS XPOSE DEO SPRAY,30.00,yes,Beauty & Toiletries,galaxy-plus-xpose-deo-spray.jpg,NO,medium,consumer category: Beauty & Toiletries,,
galvus-met-50-1000mg,GALVUS MET 50/1000MG,11.00,yes,,galvus-met-50-1000mg.jpg,YES,low,"REVIEW — dosage form, no consumer category, active not recognised",,
gilette-sensor-3-shaving-stick-single-stick-6s,GILETTE SENSOR 3 SHAVING STICK SINGLE STICK 6S,130.00,yes,Other,gilette-sensor-3-shaving-stick-single-stick-6s.jpg,NO,medium,consumer category: Other,,
gilette-shave-gel,GILETTE SHAVE GEL,55.00,yes,Other,gilette-shave-gel.jpg,NO,medium,consumer category: Other,,
gillette-gel-stick,GILLETTE GEL STICK,52.00,yes,Beauty & Toiletries,gillette-gel-stick.jpg,NO,medium,consumer category: Beauty & Toiletries,,
gillette-guard,GILLETTE GUARD,17.00,yes,Beauty & Toiletries | Other,gillette-guard.jpg,NO,medium,consumer category: Beauty & Toiletries,,
glo-power-multivitamin-caps,GLO POWER MULTIVITAMIN CAPS,23.00,yes,Vitamins & Supplements,glo-power-multivitamin-caps.jpg,NO,medium,general-sale active (vitamin) in a dosage form,,
glow-body-butter,GLOW BODY BUTTER,165.00,yes,Beauty & Toiletries,glow-body-butter.webp,NO,medium,consumer category: Beauty & Toiletries,,
glow-collagen-salicylic-acid,GLOW COLLAGEN & SALICYLIC ACID,110.00,yes,Beauty & Toiletries,glow-collagen-salicylic-acid.jpg,NO,medium,consumer category: Beauty & Toiletries,,
glow-face-scrab,GLOW FACE SCRAB,90.00,yes,Beauty & Toiletries,glow-face-scrab.jpg,NO,medium,consumer category: Beauty & Toiletries,,
glow-recipe-niacinamide-dew-drops-15mls,Glow recipe Niacinamide Dew drops 15mls,399.00,yes,Beauty & Toiletries,glow-recipe-niacinamide-dew-drops-15mls.jpg,NO,medium,consumer category: Beauty & Toiletries,,
gold-standard-100-whey-protien-907g-1,GOLD STANDARD 100% WHEY PROTIEN 907G,788.00,no,Vitamins & Supplements,gold-standard-100-whey-protien-907g-1.jpg,NO,medium,consumer category: Vitamins & Supplements,,
green-tea,GREEN TEA,45.00,yes,Other,green-tea.jpg,NO,medium,consumer category: Other,,
griseofulvin-susp,GRISEOFULVIN SUSP,25.00,yes,,griseofulvin-susp.jpg,YES,high,prescription-only active: griseofulv,,
gyno-mycolex-pessary-400mg,GYNO-MYCOLEX PESSARY 400MG,60.00,yes,Feminine Care,gyno-mycolex-pessary-400mg.jpg,YES,low,"REVIEW — dosage form, active not recognised",,
hair-brush-long,HAIR BRUSH LONG,20.00,yes,Beauty & Toiletries,hair-brush-long.webp,NO,medium,consumer category: Beauty & Toiletries,,
haliborange-calcium-vitamin-d-60s-3-12years,HALIBORANGE CALCIUM &VITAMIN D 60S (3-12YEARS),120.00,yes,Vitamins & Supplements,haliborange-calcium-vitamin-d-60s-3-12years.jpg,NO,high,general-sale: vitamin,,
hand-cleansing-gel-sachets-50pk,HAND CLEANSING GEL SACHETS 50PK,54.00,yes,Other,hand-cleansing-gel-sachets-50pk.jpg,NO,medium,consumer category: Other,,
harpic-tiolet-cleaner,HARPIC TIOLET CLEANER,33.00,yes,Other,harpic-tiolet-cleaner.jpg,NO,medium,consumer category: Other,,
head-to-toe-eyelash-curler,HEAD TO TOE EYELASH CURLER,45.00,yes,Beauty & Toiletries,head-to-toe-eyelash-curler.jpg,NO,medium,consumer category: Beauty & Toiletries,,
health-point-cold-sore-patches-15packs,HEALTH POINT COLD SORE PATCHES (15PACKS),30.00,yes,Other,health-point-cold-sore-patches-15packs.jpg,NO,medium,consumer category: Other,,
heaven-camphor,HEAVEN CAMPHOR,12.00,yes,Other,heaven-camphor.jpg,NO,medium,consumer category: Other,,
heaven-mosquito-spray,HEAVEN MOSQUITO SPRAY,41.00,yes,Other,heaven-mosquito-spray.jpg,NO,medium,consumer category: Other,,
heaven-scent-bath,HEAVEN SCENT BATH,50.00,yes,Beauty & Toiletries,heaven-scent-bath.jpg,NO,medium,consumer category: Beauty & Toiletries,,
heaven-scent-body-lotion,HEAVEN SCENT BODY LOTION,30.00,yes,Beauty & Toiletries,heaven-scent-body-lotion.webp,NO,high,general-sale: lotion,,
heaven-scent-cream,HEAVEN SCENT CREAM,24.00,yes,Beauty & Toiletries,heaven-scent-cream.webp,NO,medium,consumer category: Beauty & Toiletries,,
heinz-egg-custard,HEINZ EGG CUSTARD,15.00,yes,Baby,heinz-egg-custard.jpg,NO,medium,consumer category: Baby,,
histazine-syrup-60ml,HISTAZINE SYRUP 60ML,15.00,yes,,histazine-syrup-60ml.jpg,YES,low,"REVIEW — dosage form, no consumer category, active not recognised",,
honey-pot-feminine-wash-sensitive,Honey pot feminine wash (sensitive),260.00,yes,Beauty & Toiletries | Feminine Care,honey-pot-feminine-wash-sensitive.jpg,NO,medium,consumer category: Beauty & Toiletries,,
hot-water-bottle,HOT WATER BOTTLE,55.00,yes,Other,hot-water-bottle.jpg,NO,medium,consumer category: Other,,
huggies-baby-wipes,HUGGIES BABY WIPES,22.00,yes,Baby,huggies-baby-wipes.jpg,NO,high,general-sale: wipes,,
hyaluronic-acid-serum-ampoles-7s,HYALURONIC ACID SERUM AMPOLES 7'S,90.00,yes,Beauty & Toiletries,hyaluronic-acid-serum-ampoles-7s.jpg,NO,medium,consumer category: Beauty & Toiletries,,
hydralazine-hydrocloride-inj-20mg-ml,HYDRALAZINE HYDROCLORIDE INJ 20MG/ML,26.00,yes,,hydralazine-hydrocloride-inj-20mg-ml.webp,YES,high,prescription-only active: hydralazin,,
ibucap,IBUCAP,5.00,yes,,ibucap.png,NO,low,REVIEW — no category and no dosage form,,
ibuprofen-400mg-tab-eskay,IBUPROFEN 400MG TAB ESKAY,2.00,yes,,ibuprofen-400mg-tab-eskay.jpg,NO,medium,general-sale active (ibuprofen) in a dosage form,,
ibuprofen-400mg-tabs-48s,IBUPROFEN 400MG TABS 48S,46.00,no,,ibuprofen-400mg-tabs-48s.png,NO,medium,general-sale active (ibuprofen) in a dosage form,,
imodium-original-caps-uk,IMODIUM ORIGINAL CAPS UK,39.00,yes,,imodium-original-caps-uk.jpg,YES,low,"REVIEW — dosage form, no consumer category, active not recognised",,
imperial-leather-bar-soap,IMPERIAL LEATHER BAR SOAP,18.00,yes,Beauty & Toiletries,imperial-leather-bar-soap.jpg,NO,high,general-sale: soap,,
impluse-tease-150ml,IMPLUSE TEASE 150ML,45.00,yes,Beauty & Toiletries,impluse-tease-150ml.webp,NO,medium,consumer category: Beauty & Toiletries,,
impresser-caps-30s,IMPRESSER CAPS 30S,83.00,yes,,impresser-caps-30s.webp,YES,low,"REVIEW — dosage form, no consumer category, active not recognised",,
impresser-oil,IMPRESSER OIL,83.00,yes,,impresser-oil.webp,NO,low,REVIEW — no category and no dosage form,,
infusion-giving-set,INFUSION GIVING SET,5.00,yes,Other,infusion-giving-set.webp,NO,medium,consumer category: Other,,
ispaghula-husk-fybogel-lemon-sachets-10s,ISPAGHULA HUSK (FYBOGEL) LEMON  SACHETS 10'S,14.00,yes,,ispaghula-husk-fybogel-lemon-sachets-10s.jpg,NO,low,REVIEW — no category and no dosage form,,
iv-cannula-green,IV CANNULA GREEN,2.00,yes,Other,iv-cannula-green.png,NO,medium,consumer category: Other,,
iv-cannula-pink,IV CANNULA PINK,2.00,yes,Other,iv-cannula-pink.webp,NO,medium,consumer category: Other,,
izideen-kids-toothbrush,IZIDEEN KIDS TOOTHBRUSH,2.00,yes,Baby,izideen-kids-toothbrush.webp,NO,high,general-sale: toothbrush,,
jeba-anti-dandruff-spray,JEBA ANTI DANDRUFF SPRAY,23.00,yes,Beauty & Toiletries,jeba-anti-dandruff-spray.jpg,NO,medium,consumer category: Beauty & Toiletries,,
jeba-pomade-m-s,JEBA POMADE M/S,34.00,yes,Beauty & Toiletries,jeba-pomade-m-s.jpg,NO,medium,consumer category: Beauty & Toiletries,,
jennifers-baby-wipes-120s,JENNIFER'S BABY WIPES 120S,28.00,yes,Baby,jennifers-baby-wipes-120s.jpg,NO,high,general-sale: wipes,,
jergens-body-lotion-496ml,JERGENS BODY LOTION 496ML,175.00,yes,Beauty & Toiletries,jergens-body-lotion-496ml.jpg,NO,high,general-sale: lotion,,
jergens-body-lotion-621ml,JERGENS BODY LOTION 621ML,150.00,yes,Beauty & Toiletries,jergens-body-lotion-621ml.webp,NO,high,general-sale: lotion,,
johnsons-aqueos-cream,JOHNSON'S AQUEOS CREAM,60.00,yes,Baby | Beauty & Toiletries,johnsons-aqueos-cream.webp,NO,medium,consumer category: Baby,,
johnsons-baby-bath-500ml,JOHNSON'S BABY BATH 500ML,48.00,yes,Baby | Beauty & Toiletries,johnsons-baby-bath-500ml.png,NO,medium,consumer category: Baby,,
johnsons-baby-oil-500ml,JOHNSON'S BABY OIL 500ML,78.00,yes,Baby | Beauty & Toiletries,johnsons-baby-oil-500ml.jpg,NO,medium,consumer category: Baby,,
johnsons-baby-shampoo-300ml,JOHNSON'S BABY SHAMPOO 300ML,27.00,yes,Baby,johnsons-baby-shampoo-300ml.png,NO,high,general-sale: shampoo,,
johnsons-baby-shampoo-500ml,JOHNSON'S BABY SHAMPOO 500ML,55.00,yes,Baby,johnsons-baby-shampoo-500ml.png,NO,high,general-sale: shampoo,,
johnsons-baby-wipes-72s,JOHNSON'S BABY WIPES 72S,35.00,yes,Baby,johnsons-baby-wipes-72s.jpg,NO,high,general-sale: wipes,,
johnsons-jelly,JOHNSON'S JELLY,42.00,yes,Baby,johnsons-jelly.jpg,NO,medium,consumer category: Baby,,
johnsons-lotion-b-s,JOHNSON'S LOTION B/S,58.00,yes,Baby,johnsons-lotion-b-s.jpg,NO,high,general-sale: lotion,,
johnsons-powder,JOHNSON'S POWDER,48.00,yes,Baby | Beauty & Toiletries,johnsons-powder.png,NO,medium,consumer category: Baby,,
johnsons-powder-1,JOHNSON'S POWDER,42.00,yes,Baby,johnsons-powder-1.png,NO,medium,consumer category: Baby,,
johnsons-shiny-drops-shampoo-500ml,JOHNSON'S SHINY DROPS SHAMPOO 500ML,33.00,yes,Baby | Beauty & Toiletries,johnsons-shiny-drops-shampoo-500ml.jpg,NO,high,general-sale: shampoo,,
johnsons-v-rich-lot-papaya-400ml,JOHNSON'S V/RICH LOT.PAPAYA 400ML,30.00,yes,Beauty & Toiletries,johnsons-v-rich-lot-papaya-400ml.jpg,NO,medium,consumer category: Beauty & Toiletries,,
johnsons-v-rich-lotion-rose-water,JOHNSON'S V/RICH LOTION+ ROSE WATER,30.00,yes,Beauty & Toiletries,johnsons-v-rich-lotion-rose-water.jpg,NO,high,general-sale: lotion,,
johnsons-yoghurt-lot-peach,JOHNSON'S YOGHURT LOT. PEACH,30.00,yes,Beauty & Toiletries,johnsons-yoghurt-lot-peach.webp,NO,medium,consumer category: Beauty & Toiletries,,
kamill-hand-nail-cream,KAMILL HAND  & NAIL CREAM,35.00,yes,Beauty & Toiletries,kamill-hand-nail-cream.webp,NO,medium,consumer category: Beauty & Toiletries,,
kel-kids-toothpaste,KEL KIDS TOOTHPASTE,14.00,yes,Baby,kel-kids-toothpaste.jpg,NO,high,general-sale: toothpaste,,
ketazol-shampoo-100ml,KETAZOL SHAMPOO 100ML,64.00,yes,Beauty & Toiletries,ketazol-shampoo-100ml.webp,NO,high,general-sale: shampoo,,
kidivite-syrup-200ml,KIDIVITE SYRUP 200ML,26.00,yes,Vitamins & Supplements,kidivite-syrup-200ml.jpg,YES,low,"REVIEW — dosage form, active not recognised",,
kids-spoon,KIDS SPOON,50.00,yes,Baby,kids-spoon.webp,NO,medium,consumer category: Baby,,
kids-toothbrush-multipack,KIDS TOOTHBRUSH MULTIPACK,35.00,yes,Baby,kids-toothbrush-multipack.jpg,NO,high,general-sale: toothbrush,,
killit-mosquito-spray,KILLIT MOSQUITO SPRAY,39.00,yes,Other,killit-mosquito-spray.jpg,NO,medium,consumer category: Other,,
kingdom-garlic-caps-30s,KINGDOM GARLIC CAPS 30S,49.00,yes,,kingdom-garlic-caps-30s.jpg,YES,low,"REVIEW — dosage form, no consumer category, active not recognised",,
kiss-condom-all-types,KISS CONDOM ALL TYPES,6.00,yes,Other,kiss-condom-all-types.png,NO,medium,consumer category: Other,,
kleen-shave-razor-blades,KLEEN SHAVE RAZOR BLADES,3.00,yes,Other,kleen-shave-razor-blades.jpg,NO,medium,consumer category: Other,,
koflet-lozenges,KOFLET LOZENGES,2.00,yes,,koflet-lozenges.jpg,NO,low,REVIEW — no category and no dosage form,,
koflet-syrup-100ml,KOFLET SYRUP 100ML,50.00,yes,,koflet-syrup-100ml.jpg,YES,low,"REVIEW — dosage form, no consumer category, active not recognised",,
kofof-child-expectorant,KOFOF CHILD EXPECTORANT,14.00,no,,kofof-child-expectorant.jpg,NO,low,REVIEW — no category and no dosage form,,
kuza-hair-pommade-226g-m-s,KUZA HAIR POMMADE 226G M/S,48.00,yes,Beauty & Toiletries,kuza-hair-pommade-226g-m-s.jpg,NO,medium,consumer category: Beauty & Toiletries,,
lavet-feminine-wash,LAVET FEMININE WASH,45.00,yes,Feminine Care,lavet-feminine-wash.jpg,NO,medium,consumer category: Feminine Care,,
leena-syrup,LEENA SYRUP,26.00,yes,,leena-syrup.jpg,YES,low,"REVIEW — dosage form, no consumer category, active not recognised",,
lemon-ginger-tea,LEMON & GINGER TEA,45.00,yes,Other,lemon-ginger-tea.png,NO,medium,consumer category: Other,,
lenor-fab-cond-1-75l,LENOR FAB COND 1.75L,72.00,yes,Other,lenor-fab-cond-1-75l.webp,NO,medium,consumer category: Other,,
lexofen-plus-tabs,LEXOFEN PLUS TABS,12.00,yes,,lexofen-plus-tabs.jpg,YES,low,"REVIEW — dosage form, no consumer category, active not recognised",,
lexporin-powder,LEXPORIN POWDER,59.00,yes,,,NO,low,REVIEW — no category and no dosage form,,
lisinopril-10mg-tabs-uk,LISINOPRIL 10MG TABS UK,1.00,yes,,lisinopril-10mg-tabs-uk.jpg,YES,high,prescription-only active: lisinopr,,
liv-52-rabs-100s,LIV 52 RABS 100S,120.00,yes,,liv-52-rabs-100s.webp,NO,low,REVIEW — no category and no dosage form,,
lofnac-100-supporsitory,LOFNAC 100 SUPPORSITORY,2.50,yes,,lofnac-100-supporsitory.jpg,NO,low,REVIEW — no category and no dosage form,,
loral-men-expert-250mls,LORAL MEN EXPERT 250MLS,65.00,yes,Beauty & Toiletries,loral-men-expert-250mls.jpg,NO,medium,consumer category: Beauty & Toiletries,,
loratadine-10mg-teva,LORATADINE 10MG TEVA,9.00,yes,,loratadine-10mg-teva.jpg,NO,medium,general-sale active (loratadin) in a dosage form,,
lorazepam-1mg,LORAZEPAM 1MG,2.00,yes,,,YES,high,controlled substance: lorazepam,,
lorazepam-2mg,LORAZEPAM 2MG,3.00,yes,,,YES,high,controlled substance: lorazepam,,
lozaty-strawberry-lozenges-16s-1,LOZATY STRAWBERRY LOZENGES 16S,24.00,yes,,lozaty-strawberry-lozenges-16s-1.webp,NO,low,REVIEW — no category and no dosage form,,
lozaty-strawberry-lozenges-16s,LOZATY STRAWBERRY LOZENGES 16S,3.00,yes,,lozaty-strawberry-lozenges-16s.webp,NO,low,REVIEW — no category and no dosage form,,
luex-adult-chesty-150ml,LUEX ADULT CHESTY 150ML,40.00,yes,,luex-adult-chesty-150ml.jpg,NO,low,REVIEW — no category and no dosage form,,
luex-adult-dry-cough-syrup-100ml,LUEX ADULT DRY COUGH SYRUP 100ML,38.00,yes,,luex-adult-dry-cough-syrup-100ml.jpg,YES,low,"REVIEW — dosage form, no consumer category, active not recognised",,
luex-baby-cough-syp-150ml,LUEX BABY COUGH SYP 150ML,38.00,yes,,luex-baby-cough-syp-150ml.jpg,NO,low,REVIEW — no category and no dosage form,,
lufart-ds,LUFART DS,33.00,yes,,lufart-ds.jpg,NO,low,REVIEW — no category and no dosage form,,
lumigan-eye-drop-0-03,LUMIGAN EYE DROP 0.03%,364.00,no,,lumigan-eye-drop-0-03.webp,NO,low,REVIEW — no category and no dosage form,,
lux-shower-gel,LUX SHOWER GEL,48.00,yes,Beauty & Toiletries,lux-shower-gel.jpg,NO,medium,consumer category: Beauty & Toiletries,,
lynx-shower-gel-500ml,LYNX SHOWER GEL 500ML,45.00,yes,Beauty & Toiletries,lynx-shower-gel-500ml.jpg,NO,medium,consumer category: Beauty & Toiletries,,
maalox-satchet-20s,MAALOX  SATCHET 20s,6.00,yes,,maalox-satchet-20s.jpg,NO,high,general-sale: maalox,,
magic-shaving-cream,MAGIC SHAVING CREAM,130.00,yes,Other,magic-shaving-cream.jpg,NO,medium,consumer category: Other,,
magsafe-car-mount,MagSafe car mount,195.00,yes,Other,magsafe-car-mount.jpg,NO,medium,consumer category: Other,,
major-ephedrine-nasal-drops,MAJOR EPHEDRINE NASAL DROPS,18.00,yes,,major-ephedrine-nasal-drops.webp,NO,low,REVIEW — no category and no dosage form,,
malafan-tabs,MALAFAN TABS,7.00,yes,,malafan-tabs.jpg,YES,low,"REVIEW — dosage form, no consumer category, active not recognised",,
malazia-deo-spray-l-s,MALAZIA DEO SPRAY L/S,30.00,yes,Beauty & Toiletries,malazia-deo-spray-l-s.jpg,NO,medium,consumer category: Beauty & Toiletries,,
mamia-baby-food-pouch,MAMIA BABY FOOD POUCH,33.00,no,Baby,mamia-baby-food-pouch.jpg,NO,medium,consumer category: Baby,,
mark-ii-inhaler,MARK II INHALER,17.00,yes,,mark-ii-inhaler.webp,NO,low,REVIEW — no category and no dosage form,,
mates-comfort-condoms,MATES COMFORT CONDOMS,95.00,yes,Other,mates-comfort-condoms.jpg,NO,medium,consumer category: Other,,
mates-orgazmax-extreme-dotted-condoms,MATES ORGAZMAX EXTREME DOTTED CONDOMS,120.00,yes,Other,mates-orgazmax-extreme-dotted-condoms.jpg,NO,medium,consumer category: Other,,
mates-protect,MATES PROTECT,95.00,yes,Other,mates-protect.jpg,NO,medium,consumer category: Other,,
mates-ultra-thin-condoms,MATES ULTRA THIN CONDOMS,95.00,yes,Other,mates-ultra-thin-condoms.webp,NO,medium,consumer category: Other,,
medisure-pill-box-7-days,MEDISURE PILL BOX 7 DAYS,35.00,yes,,medisure-pill-box-7-days.jpg,NO,low,REVIEW — no category and no dosage form,,
menopace-uk,MENOPACE UK,108.00,yes,Vitamins & Supplements,menopace-uk.jpg,NO,medium,consumer category: Vitamins & Supplements,,
menthodex-syrup-200ml,MENTHODEX SYRUP 200ML,72.00,yes,,menthodex-syrup-200ml.jpg,YES,low,"REVIEW — dosage form, no consumer category, active not recognised",,
menthox-cough-syrup,MENTHOX COUGH SYRUP,13.00,yes,,menthox-cough-syrup.jpg,YES,low,"REVIEW — dosage form, no consumer category, active not recognised",,
menthox-jnr-syrup,MENTHOX JNR SYRUP,11.00,yes,Baby,menthox-jnr-syrup.jpg,YES,low,"REVIEW — dosage form, active not recognised",,
metformin-denk-1000mg,METFORMIN DENK 1000MG,65.00,yes,,metformin-denk-1000mg.webp,YES,high,prescription-only active: metformin,,
metformin-denk-850mg,METFORMIN DENK 850MG,45.00,yes,,metformin-denk-850mg.png,YES,high,prescription-only active: metformin,,
methylated-spirit-60ml,METHYLATED SPIRIT 60ML,5.00,yes,Other,,NO,medium,consumer category: Other,,
metoclopramide-tabs-10mg-ecl,METOCLOPRAMIDE TABS 10MG (ECL),0.50,yes,,metoclopramide-tabs-10mg-ecl.jpg,YES,high,prescription-only active: metoclopramid,,
metrolex-f-400mg-100mg-tabs,METROLEX-F 400MG/100MG TABS,33.00,yes,,metrolex-f-400mg-100mg-tabs.jpg,YES,low,"REVIEW — dosage form, no consumer category, active not recognised",,
metronidazole-susp-100ml-m-g,METRONIDAZOLE SUSP. 100ML (M&G),10.00,yes,,,YES,high,prescription-only active: metronidaz,,
mgl-hair-food,MGL HAIR FOOD,54.00,yes,Beauty & Toiletries,mgl-hair-food.jpg,NO,medium,consumer category: Beauty & Toiletries,,
milk-of-mag-starwins360ml,MILK OF MAG (STARWINS)360ML,55.00,no,,milk-of-mag-starwins360ml.webp,NO,low,REVIEW — no category and no dosage form,,
minlu-multi-charging-cable,Minlu multi charging cable,195.00,yes,Other,minlu-multi-charging-cable.jpg,NO,medium,consumer category: Other,,
miracase-car-phone-holder,Miracase car phone holder,380.00,yes,Other,miracase-car-phone-holder.jpg,NO,medium,consumer category: Other,,
mist-expect-sed,MIST EXPECT SED,7.00,yes,,mist-expect-sed.png,NO,low,REVIEW — no category and no dosage form,,
moln-xl-weekly-pill-organiser-pink,MOLN XL weekly pill organiser (pink),140.00,no,Other,moln-xl-weekly-pill-organiser-pink.jpg,NO,medium,consumer category: Other,,
moln-xl-weekly-pill-organizer-pink,MOLN XL WEEKLY PILL ORGANIZER (PINK),140.00,no,Other,moln-xl-weekly-pill-organizer-pink.jpg,NO,medium,consumer category: Other,,
morning-fresh,MORNING FRESH,22.00,yes,Other,morning-fresh.jpg,NO,medium,consumer category: Other,,
mr-muscle-window-cleaner-750ml,MR MUSCLE WINDOW CLEANER 750ML,33.00,yes,Other,mr-muscle-window-cleaner-750ml.webp,NO,medium,consumer category: Other,,
mr-q-1,MR Q,14.50,yes,,mr-q-1.jpg,NO,low,REVIEW — no category and no dosage form,,
multivitamin-tabspharmanova,MULTIVITAMIN TABS(PHARMANOVA),1.00,yes,,multivitamin-tabspharmanova.webp,NO,medium,general-sale active (vitamin) in a dosage form,,
muscle-tech-nitro-tech-whey-protien-998g,MUSCLE TECH NITRO TECH WHEY PROTIEN 998G,830.00,no,Vitamins & Supplements,muscle-tech-nitro-tech-whey-protien-998g.jpg,NO,medium,consumer category: Vitamins & Supplements,,
mycostat-150mg-caps-1s,MYCOSTAT 150MG CAPS 1'S,9.00,yes,,mycostat-150mg-caps-1s.png,YES,low,"REVIEW — dosage form, no consumer category, active not recognised",,
mycota-athletes-foot-cream,MYCOTA ATHLETE'S FOOT CREAM,75.00,yes,Other,mycota-athletes-foot-cream.png,NO,medium,consumer category: Other,,
nair-hair-remover,NAIR HAIR REMOVER,71.00,yes,Beauty & Toiletries,nair-hair-remover.jpg,NO,medium,consumer category: Beauty & Toiletries,,
nan-1,NAN 1,114.00,yes,Baby,nan-1.jpg,NO,medium,consumer category: Baby,,
nan-2,NAN 2,114.00,yes,Baby,nan-2.jpg,NO,medium,consumer category: Baby,,
naproxen-500mg-tabs-100s,NAPROXEN 500MG TABS 100S,12.00,yes,,naproxen-500mg-tabs-100s.webp,YES,low,"REVIEW — dosage form, no consumer category, active not recognised",,
nature-made-c-d3-zinc-60s,NATURE MADE  C + D3 + ZINC 60'S,200.00,yes,Vitamins & Supplements,nature-made-c-d3-zinc-60s.webp,NO,high,general-sale: zinc,,
nature-made-b-complex-c-140s,NATURE MADE B COMPLEX + C 140'S,204.00,yes,Vitamins & Supplements,nature-made-b-complex-c-140s.jpg,NO,medium,consumer category: Vitamins & Supplements,,
nature-made-b12-1000-mcg-150s,NATURE MADE B12 1000 MCG 150'S,231.00,yes,Vitamins & Supplements,nature-made-b12-1000-mcg-150s.jpg,YES,low,"REVIEW — dosage form, active not recognised",,
nature-made-coq10-200mg-105s,NATURE MADE BIOTIN 2500 MCG 90'S,269.00,yes,Vitamins & Supplements,nature-made-coq10-200mg-105s.jpg,YES,low,"REVIEW — dosage form, active not recognised",,
nature-made-calcium-600mg-d3-220s,NATURE MADE CALCIUM 600MG+D3 (220'S),515.00,yes,Vitamins & Supplements,nature-made-calcium-600mg-d3-220s.webp,NO,medium,general-sale active (calcium) in a dosage form,,
nature-made-collagen-gummies-60-counts,NATURE MADE COLLAGEN GUMMIES 60 COUNTS,380.00,yes,Vitamins & Supplements,nature-made-collagen-gummies-60-counts.jpg,NO,medium,consumer category: Vitamins & Supplements,,
nature-made-collagen-peptides-power-317-8g,NATURE MADE COLLAGEN PEPTIDES POWER (317.8G),580.00,yes,Vitamins & Supplements,nature-made-collagen-peptides-power-317-8g.jpg,NO,medium,consumer category: Vitamins & Supplements,,
nature-made-coq10-200mg-105s-1,NATURE MADE CoQ10 200MG 105'S,680.00,yes,Vitamins & Supplements,nature-made-coq10-200mg-105s-1.jpg,YES,low,"REVIEW — dosage form, active not recognised",,
nature-made-fish-oil-1200mg-150s,NATURE MADE FISH OIL 1200MG 150'S,380.00,no,Vitamins & Supplements,nature-made-fish-oil-1200mg-150s.jpg,YES,low,"REVIEW — dosage form, active not recognised",,
nature-made-hair-skin-nails-150s,NATURE MADE HAIR SKIN &NAILS 150'S,330.00,yes,Vitamins & Supplements,nature-made-hair-skin-nails-150s.jpg,NO,medium,consumer category: Vitamins & Supplements,,
nature-made-iron-65mg-180s,NATURE MADE IRON 65MG 180'S,202.00,yes,Vitamins & Supplements,nature-made-iron-65mg-180s.jpg,NO,medium,general-sale active (iron ) in a dosage form,,
nature-made-stress-relief-40s,NATURE MADE STRESS RELIEF 40'S,410.00,no,Vitamins & Supplements,nature-made-stress-relief-40s.jpg,NO,medium,consumer category: Vitamins & Supplements,,
nature-made-vitamin-c-gummies-500mg-60s,NATURE MADE VITAMIN C GUMMIES 500MG  60'S,168.00,yes,Vitamins & Supplements,nature-made-vitamin-c-gummies-500mg-60s.webp,NO,medium,general-sale active (vitamin) in a dosage form,,
nature-made-vitamin-e-400-iu-180mg-100s,NATURE MADE VITAMIN E 400 IU 180MG 100'S,298.00,yes,Vitamins & Supplements,nature-made-vitamin-e-400-iu-180mg-100s.jpg,NO,medium,general-sale active (vitamin) in a dosage form,,
natures-bounty-gummies,NATURE'S BOUNTY GUMMIES,240.00,yes,Vitamins & Supplements,natures-bounty-gummies.jpg,NO,medium,consumer category: Vitamins & Supplements,,
nature-s-bounty-gummies,Nature’s Bounty gummies,320.00,yes,Vitamins & Supplements,nature-s-bounty-gummies.jpg,NO,medium,consumer category: Vitamins & Supplements,,
neo-hycolex-drops-10ml,NEO HYCOLEX DROPS 10ML,47.00,yes,,neo-hycolex-drops-10ml.jpg,NO,low,REVIEW — no category and no dosage form,,
nescafe-gold,NESCAFE GOLD,100.00,yes,Other,nescafe-gold.jpg,NO,medium,consumer category: Other,,
nestle-cerelac,Nestle Cerelac,42.00,yes,Baby,nestle-cerelac.jpg,NO,medium,consumer category: Baby,,
neurozan-original,NEUROZAN  ORIGINAL,325.00,yes,,neurozan-original.jpg,NO,low,REVIEW — no category and no dosage form,,
neutrogena-acne-wash,NEUTROGENA ACNE WASH,174.00,yes,Beauty & Toiletries,neutrogena-acne-wash.jpg,NO,medium,consumer category: Beauty & Toiletries,,
neutrogena-blackhead-facial-scrub,NEUTROGENA BLACKHEAD FACIAL SCRUB,48.00,yes,Beauty & Toiletries,neutrogena-blackhead-facial-scrub.jpg,NO,medium,consumer category: Beauty & Toiletries,,
neutrogena-oil-balancing-facial-scrub,NEUTROGENA OIL BALANCING FACIAL SCRUB,48.00,no,Beauty & Toiletries,neutrogena-oil-balancing-facial-scrub.jpg,NO,medium,consumer category: Beauty & Toiletries,,
neutrogena-pink-grapefruit-facial-scrub,NEUTROGENA PINK GRAPEFRUIT FACIAL SCRUB,40.00,yes,Beauty & Toiletries,neutrogena-pink-grapefruit-facial-scrub.jpg,NO,medium,consumer category: Beauty & Toiletries,,
neutrogena-visibly-clear-scrub-spot,NEUTROGENA VISIBLY CLEAR SCRUB SPOT,57.00,yes,Beauty & Toiletries,neutrogena-visibly-clear-scrub-spot.jpg,NO,medium,consumer category: Beauty & Toiletries,,
nexium-10mg-sachet,NEXIUM 10MG (SACHET),24.00,yes,,nexium-10mg-sachet.jpg,YES,low,"REVIEW — dosage form, no consumer category, active not recognised",,
nido-1,NIDO +1,73.00,yes,Baby,nido-1.jpg,NO,medium,consumer category: Baby,,
nido-tin,NIDO TIN,78.00,yes,Baby,nido-tin.jpg,NO,medium,consumer category: Baby,,
nifecard-xl-30mg-tabs,NIFECARD XL 30MG TABS,3.00,yes,,nifecard-xl-30mg-tabs.jpg,YES,low,"REVIEW — dosage form, no consumer category, active not recognised",,
nifedipine-20mg-nifidose,NIFEDIPINE 20MG (NIFIDOSE),3.00,yes,,,YES,high,prescription-only active: nifedipin,,
nivea-q10-sheet-facial-mask,NIVEA  Q10 SHEET FACIAL MASK,53.00,yes,Beauty & Toiletries,nivea-q10-sheet-facial-mask.jpg,NO,medium,consumer category: Beauty & Toiletries,,
nivea-b-w-roll-on,NIVEA B&W ROLL ON,25.00,no,Beauty & Toiletries,nivea-b-w-roll-on.jpg,NO,high,general-sale: roll on,,
nivea-body-lotion-radiant-beauty,NIVEA BODY LOTION  RADIANT & BEAUTY,103.00,yes,Beauty & Toiletries,nivea-body-lotion-radiant-beauty.jpg,NO,high,general-sale: lotion,,
nivea-body-lotion-400ml-rich-nourishing,NIVEA BODY LOTION 400ML RICH NOURISHING,63.00,yes,Beauty & Toiletries,nivea-body-lotion-400ml-rich-nourishing.png,NO,high,general-sale: lotion,,
nivea-day-cream,NIVEA DAY CREAM,68.00,yes,Beauty & Toiletries,,NO,medium,consumer category: Beauty & Toiletries,,
nivea-deo-spray,NIVEA DEO SPRAY,54.00,yes,Beauty & Toiletries,nivea-deo-spray.jpg,NO,medium,consumer category: Beauty & Toiletries,,
nivea-deo-spray-men,NIVEA DEO SPRAY MEN,44.00,yes,Beauty & Toiletries,nivea-deo-spray-men.webp,NO,medium,consumer category: Beauty & Toiletries,,
nivea-deo-spray-women-150ml,NIVEA DEO SPRAY WOMEN 150ML,43.00,yes,Beauty & Toiletries,nivea-deo-spray-women-150ml.jpg,NO,medium,consumer category: Beauty & Toiletries,,
nivea-deo-stick-women-50ml,NIVEA DEO STICK WOMEN 50ML,30.00,yes,Beauty & Toiletries,nivea-deo-stick-women-50ml.webp,NO,medium,consumer category: Beauty & Toiletries,,
nivea-roll-on-men,NIVEA ROLL ON MEN,25.00,yes,Beauty & Toiletries,nivea-roll-on-men.webp,NO,high,general-sale: roll on,,
nivea-roll-on-women,NIVEA ROLL ON WOMEN,24.00,yes,Beauty & Toiletries,nivea-roll-on-women.jpg,NO,high,general-sale: roll on,,
nivea-soft-hand-cream,NIVEA SOFT HAND CREAM,49.00,yes,Beauty & Toiletries,nivea-soft-hand-cream.jpg,NO,medium,consumer category: Beauty & Toiletries,,
nix-sardines-in-sunflower,NIX SARDINES IN SUNFLOWER,22.00,yes,Other,nix-sardines-in-sunflower.webp,NO,medium,consumer category: Other,,
nix-sardines-in-tomato-sauce,NIX SARDINES IN TOMATO SAUCE,22.00,yes,Other,nix-sardines-in-tomato-sauce.webp,NO,medium,consumer category: Other,,
nostamine-eye-nose-drops,NOSTAMINE EYE & NOSE DROPS,42.00,yes,,nostamine-eye-nose-drops.jpg,NO,low,REVIEW — no category and no dosage form,,
now-super-enzymes-90s,NOW SUPER ENZYMES 90'S,395.00,yes,Vitamins & Supplements,now-super-enzymes-90s.webp,NO,medium,consumer category: Vitamins & Supplements,,
ns-infusion-500ml,NS INFUSION 500ML,12.00,yes,,ns-infusion-500ml.webp,NO,low,REVIEW — no category and no dosage form,,
nuage-cooling-gel-eye-mask,NUAGE COOLING GEL EYE MASK,45.00,yes,Beauty & Toiletries,nuage-cooling-gel-eye-mask.jpg,NO,medium,consumer category: Beauty & Toiletries,,
nutra-blast-boric-acid-vaginal-suppositories,Nutra Blast Boric acid Vaginal suppositories,357.00,yes,Feminine Care,nutra-blast-boric-acid-vaginal-suppositories.jpg,NO,medium,consumer category: Feminine Care,,
nutrablast-disposable-vaginal-suppository-applicators,Nutrablast Disposable Vaginal suppository Applicators,20.00,yes,Beauty & Toiletries | Feminine Care,nutrablast-disposable-vaginal-suppository-applicators.jpg,NO,medium,consumer category: Beauty & Toiletries,,
nutrilac,NUTRILAC,37.00,yes,Baby,nutrilac.jpg,NO,medium,consumer category: Baby,,
odor-eaters-foot-and-shoe-spray,ODOR EATERS FOOT AND SHOE SPRAY,120.00,yes,Other,odor-eaters-foot-and-shoe-spray.jpg,NO,medium,consumer category: Other,,
olay-body-lotion-502ml,OLAY BODY LOTION 502ML,263.00,yes,Beauty & Toiletries,olay-body-lotion-502ml.jpg,NO,high,general-sale: lotion,,
olay-body-wash,OLAY BODY WASH,262.00,yes,Beauty & Toiletries,olay-body-wash.webp,NO,medium,consumer category: Beauty & Toiletries,,
olay-total-effect,OLAY TOTAL EFFECT,275.00,yes,Beauty & Toiletries,olay-total-effect.webp,NO,medium,consumer category: Beauty & Toiletries,,
olbas-oil-adult-12ml,OLBAS OIL CHILDREN 12ML,128.00,yes,,olbas-oil-adult-12ml.jpg,NO,low,REVIEW — no category and no dosage form,,
old-spice-stick,OLD SPICE STICK,75.00,yes,Beauty & Toiletries,old-spice-stick.jpg,NO,medium,consumer category: Beauty & Toiletries,,
olive-oil-ear-drop,OLIVE OIL EAR DROP,25.00,yes,,olive-oil-ear-drop.jpg,NO,low,REVIEW — no category and no dosage form,,
olive-oil-mouse,OLIVE OIL MOUSE,27.00,no,Beauty & Toiletries,olive-oil-mouse.jpg,NO,medium,consumer category: Beauty & Toiletries,,
one-a-day-womens-gummies-170s,ONE A DAY WOMEN'S GUMMIES 170'S,440.00,no,Vitamins & Supplements,one-a-day-womens-gummies-170s.webp,NO,medium,consumer category: Vitamins & Supplements,,
onetouch-select-plus-glucometer,ONETOUCH SELECT PLUS GLUCOMETER,600.00,no,Other,onetouch-select-plus-glucometer.png,NO,medium,consumer category: Other,,
only-pacifier,ONLY PACIFIER,25.00,yes,Baby,only-pacifier.png,NO,medium,consumer category: Baby,,
ophylia-perfume-80ml,OPHYLIA PERFUME 80ML,110.00,yes,Beauty & Toiletries,ophylia-perfume-80ml.jpg,NO,high,general-sale: perfume,,
oral-b-kids-toothbrush-1,ORAL B KIDS TOOTHBRUSH,21.00,yes,Other,oral-b-kids-toothbrush-1.jpg,NO,high,general-sale: toothbrush,,
orelox-100mg-tabs,ORELOX 100MG TABS,21.00,yes,,orelox-100mg-tabs.png,YES,low,"REVIEW — dosage form, no consumer category, active not recognised",,
orelox-tabs-200mg,ORELOX TABS 200MG,30.00,yes,,orelox-tabs-200mg.jpg,YES,low,"REVIEW — dosage form, no consumer category, active not recognised",,
ors-phyto,ORS (PHYTO),2.00,yes,,ors-phyto.png,NO,low,REVIEW — no category and no dosage form,,
otrivin-nasal-drops-0-05-child,OTRIVIN NASAL DROPS 0.05% (CHILD),70.00,yes,Baby,otrivin-nasal-drops-0-05-child.jpg,NO,medium,consumer category: Baby,,
palmers-cream,PALMERS CREAM,120.00,yes,Beauty & Toiletries,palmers-cream.jpg,NO,medium,consumer category: Beauty & Toiletries,,
palmers-lotion,PALMERS LOTION,108.00,yes,Beauty & Toiletries,palmers-lotion.jpg,NO,high,general-sale: lotion,,
palmers-skin-therapy-oil-150ml,PALMERS SKIN THERAPY OIL 150ML,132.00,yes,Beauty & Toiletries,palmers-skin-therapy-oil-150ml.jpg,NO,medium,consumer category: Beauty & Toiletries,,
palmers-stretch-marks-massage-cream,PALMERS STRETCH MARKS MASSAGE CREAM,133.00,yes,Beauty & Toiletries,palmers-stretch-marks-massage-cream.webp,NO,medium,consumer category: Beauty & Toiletries,,
palmolive-bath,PALMOLIVE BATH,70.00,yes,Beauty & Toiletries,palmolive-bath.jpg,NO,medium,consumer category: Beauty & Toiletries,,
pampers-wipes,PAMPERS WIPES,22.00,yes,Baby,pampers-wipes.jpg,NO,high,general-sale: wipes,,
panadol-advance-plain-16s,PANADOL ADVANCE PLAIN 16S,60.00,no,,panadol-advance-plain-16s.jpg,NO,high,general-sale: panadol,,
para-500mg-exeter-30s,PARA 500MG EXETER 30S,16.00,yes,,para-500mg-exeter-30s.jpg,YES,low,"REVIEW — dosage form, no consumer category, active not recognised",,
paradise-powder,PARADISE POWDER,25.00,yes,Beauty & Toiletries,paradise-powder.webp,NO,medium,consumer category: Beauty & Toiletries,,
paradise-powder-s-s,PARADISE POWDER S/S,15.00,yes,Beauty & Toiletries,paradise-powder-s-s.webp,NO,medium,consumer category: Beauty & Toiletries,,
paramol-supp-250mg-10s,PARAMOL SUPP. 250MG 10'S,2.00,yes,,paramol-supp-250mg-10s.png,YES,low,"REVIEW — dosage form, no consumer category, active not recognised",,
parfum-de-pallazzo-roma,PARFUM DE PALLAZZO ROMA,156.00,yes,Beauty & Toiletries,parfum-de-pallazzo-roma.webp,NO,medium,consumer category: Beauty & Toiletries,,
pariet-tabs-20mg,PARIET TABS 20MG,14.00,yes,,pariet-tabs-20mg.jpg,YES,low,"REVIEW — dosage form, no consumer category, active not recognised",,
pascual-500g,PASCUAL 500G,44.00,yes,Baby,pascual-500g.jpg,NO,medium,consumer category: Baby,,
passion-powder-m-s,PASSION POWDER M/S,12.00,yes,Beauty & Toiletries,passion-powder-m-s.webp,NO,medium,consumer category: Beauty & Toiletries,,
passport-cover-double,PASSPORT COVER (DOUBLE),110.00,yes,Other,passport-cover-double.jpg,NO,medium,consumer category: Other,,
passport-cover-single,PASSPORT COVER (SINGLE),55.00,yes,Other,passport-cover-single.jpg,NO,medium,consumer category: Other,,
patanol-eye-drop,PATANOL EYE DROP,85.00,yes,,patanol-eye-drop.jpg,NO,low,REVIEW — no category and no dosage form,,
peach-perfect-booty-builder-272g,PEACH PERFECT BOOTY BUILDER 272G,788.00,yes,Vitamins & Supplements,peach-perfect-booty-builder-272g.webp,NO,medium,consumer category: Vitamins & Supplements,,
pears-soap-125g,PEARS SOAP 125G,28.00,yes,Beauty & Toiletries,pears-soap-125g.jpg,NO,high,general-sale: soap,,
penicillin-v-tabs-125mg,PENICILLIN V TABS 125MG,3.00,yes,,penicillin-v-tabs-125mg.webp,YES,high,prescription-only active: penicill,,
pepsi-lip-balm,PEPSI LIP BALM,90.00,yes,Beauty & Toiletries,pepsi-lip-balm.jpg,NO,medium,consumer category: Beauty & Toiletries,,
perfumers-choice-gift-set-50ml-victor-mojo,PERFUMER'S CHOICE GIFT SET 50ML VICTOR/MOJO,150.00,no,Beauty & Toiletries,perfumers-choice-gift-set-50ml-victor-mojo.jpg,NO,high,general-sale: perfume,,
pink-nail-clip,Pink nail clip,17.00,yes,Beauty & Toiletries | Other,pink-nail-clip.jpg,NO,medium,consumer category: Beauty & Toiletries,,
plastic-cup-with-lid-straw,PLASTIC CUP WITH LID/STRAW,25.00,yes,Other,plastic-cup-with-lid-straw.webp,NO,medium,consumer category: Other,,
polyfer-50mls-syrup,POLYFER 50MLS SYRUP,7.00,yes,,polyfer-50mls-syrup.webp,YES,low,"REVIEW — dosage form, no consumer category, active not recognised",,
ponstan-caps-250mg,PONSTAN CAPS 250MG,23.00,yes,,ponstan-caps-250mg.jpg,YES,low,"REVIEW — dosage form, no consumer category, active not recognised",,
pour-innocence-women-perfume-100ml,POUR INNOCENCE WOMEN PERFUME 100ML,85.00,yes,Beauty & Toiletries,pour-innocence-women-perfume-100ml.jpg,NO,high,general-sale: perfume,,
power-bank,Power Bank,185.00,yes,Other,power-bank.jpg,NO,medium,consumer category: Other,,
power-zone-b-s,POWER ZONE B/S,17.00,yes,Other,power-zone-b-s.jpg,NO,medium,consumer category: Other,,
pre-meco-caps,PRE-MECO CAPS,98.00,yes,,pre-meco-caps.webp,YES,low,"REVIEW — dosage form, no consumer category, active not recognised",,
pregatas-me-pregabalin-75mg-tabs-30s,PREGATAS ME (PREGABALIN) 75MG TABS 30'S,5.00,yes,,pregatas-me-pregabalin-75mg-tabs-30s.jpg,YES,high,prescription-only active: pregabalin,,
pregnancy-test-kit-levon-2,PREGNANCY TEST KIT (LEVON 2),4.00,yes,Other,pregnancy-test-kit-levon-2.png,NO,medium,consumer category: Other,,
pregnancy-test-strip-p-trust-1s,PREGNANCY TEST STRIP (P-TRUST) 1S,4.00,yes,Other,pregnancy-test-strip-p-trust-1s.jpg,NO,medium,consumer category: Other,,
pretty-lip-balm,PRETTY LIP BALM,15.00,yes,Beauty & Toiletries,pretty-lip-balm.jpg,NO,medium,consumer category: Beauty & Toiletries,,
pretty-panty-liners-30s,PRETTY PANTY LINERS,15.00,yes,Beauty & Toiletries | Feminine Care,pretty-panty-liners-30s.jpg,NO,medium,consumer category: Beauty & Toiletries,,
propa-pad,PROPA PAD,21.00,yes,Feminine Care,propa-pad.jpg,NO,medium,consumer category: Feminine Care,,
prostat-60-caps-30s,PROSTAT 60 CAPS 30'S,168.00,yes,,prostat-60-caps-30s.jpg,YES,low,"REVIEW — dosage form, no consumer category, active not recognised",,
protocol-perfume-100ml,PROTOCOL PERFUME 100ML,160.00,yes,Beauty & Toiletries,protocol-perfume-100ml.png,NO,high,general-sale: perfume,,
pumice-sponge,PUMICE SPONGE,25.00,yes,Other,pumice-sponge.webp,NO,medium,consumer category: Other,,
purity-200mls-m-s,PURITY 200MLS M/S,20.00,yes,Baby,purity-200mls-m-s.png,NO,medium,consumer category: Baby,,
purity-80mls-s-s,PURITY 80MLS S/S,15.00,yes,Baby,purity-80mls-s-s.webp,NO,medium,consumer category: Baby,,
queen-elizabeth-cream,QUEEN ELIZABETH CREAM,17.00,yes,Beauty & Toiletries,queen-elizabeth-cream.jpg,NO,medium,consumer category: Beauty & Toiletries,,
queen-elizabeth-cream-500ml-b-s,QUEEN ELIZABETH CREAM 500ML  B/S,33.00,yes,Beauty & Toiletries,queen-elizabeth-cream-500ml-b-s.webp,NO,medium,consumer category: Beauty & Toiletries,,
queen-elizabeth-lotion-400ml-m-s,QUEEN ELIZABETH LOTION 400ML M/S,18.00,yes,Beauty & Toiletries,queen-elizabeth-lotion-400ml-m-s.jpg,NO,high,general-sale: lotion,,
qustere-pimple-patches,Qustere pimple patches,60.00,no,Beauty & Toiletries,qustere-pimple-patches.jpg,NO,medium,consumer category: Beauty & Toiletries,,
radient-rose-scrub,RADIENT ROSE SCRUB,65.00,yes,Beauty & Toiletries,radient-rose-scrub.jpg,NO,medium,consumer category: Beauty & Toiletries,,
rare-pearls-perfume-50ml,RARE PEARLS PERFUME 50ML,135.00,yes,Beauty & Toiletries,rare-pearls-perfume-50ml.webp,NO,high,general-sale: perfume,,
refresh-liquigel,REFRESH LIQUIGEL,152.00,yes,,refresh-liquigel.jpg,NO,low,REVIEW — no category and no dosage form,,
revitalize-healthcare-cod-liver-oil,REVITALIZE HEALTHCARE COD LIVER OIL,120.00,yes,Vitamins & Supplements,revitalize-healthcare-cod-liver-oil.jpg,NO,high,general-sale: cod liver,,
revitalize-healthcare-omega3-fishoil-100mg-90s,REVITALIZE HEALTHCARE OMEGA3 FISHOIL 100MG 90S,140.00,yes,Vitamins & Supplements,revitalize-healthcare-omega3-fishoil-100mg-90s.jpg,NO,medium,general-sale active (omega) in a dosage form,,
rexona-deo-spray-men-72h,REXONA DEO SPRAY MEN 72H,28.00,yes,Beauty & Toiletries,rexona-deo-spray-men-72h.jpg,NO,medium,consumer category: Beauty & Toiletries,,
diya-dried-mango-chips,REXONA DEO SPRAY WOMEN,29.00,yes,Beauty & Toiletries,diya-dried-mango-chips.jpg,NO,medium,consumer category: Beauty & Toiletries,,
rexona-roll-on-45ml-men,REXONA ROLL ON 45ML MEN,16.00,yes,Beauty & Toiletries,rexona-roll-on-45ml-men.jpg,NO,high,general-sale: roll on,,
rhizin-syrup-30ml,RHIZIN SYRUP 30ML,7.00,yes,,rhizin-syrup-30ml.jpg,YES,low,"REVIEW — dosage form, no consumer category, active not recognised",,
right-gaurd-deo-women,RIGHT GAURD DEO WOMEN,28.00,yes,Beauty & Toiletries,right-gaurd-deo-women.webp,NO,medium,consumer category: Beauty & Toiletries,,
right-guard-deo-spray,RIGHT GUARD DEO SPRAY,35.00,yes,Beauty & Toiletries,right-guard-deo-spray.webp,NO,medium,consumer category: Beauty & Toiletries,,
right-guard-deo-women-250ml,RIGHT GUARD DEO WOMEN 250ML,28.00,yes,Beauty & Toiletries,right-guard-deo-women-250ml.jpg,NO,medium,consumer category: Beauty & Toiletries,,
robaxin-750mg,ROBAXIN-750MG,8.00,yes,,robaxin-750mg.jpg,YES,high,prescription-only active: robaxin,,
robb-inhaler,ROBB INHALER,4.00,yes,,robb-inhaler.jpg,NO,low,REVIEW — no category and no dosage form,,
robb-ointment-b-s,ROBB OINTMENT B/S,6.00,yes,,robb-ointment-b-s.jpg,YES,low,"REVIEW — dosage form, no consumer category, active not recognised",,
robb-ointment-s-s,ROBB OINTMENT S/S,2.00,yes,,robb-ointment-s-s.jpg,YES,low,"REVIEW — dosage form, no consumer category, active not recognised",,
roll-plaster-2,"ROLL PLASTER 2""""",7.00,yes,,roll-plaster-2.jpg,NO,high,general-sale: plaster,,
roll-plaster-3,"ROLL PLASTER 3""""",25.00,yes,,roll-plaster-3.jpg,NO,high,general-sale: plaster,,
roll-plaster-4,"ROLL PLASTER 4""""",30.00,yes,,roll-plaster-4.webp,NO,high,general-sale: plaster,,
rooter-mixture-1,ROOTER MIXTURE,29.00,yes,,rooter-mixture-1.png,NO,low,REVIEW — no category and no dosage form,,
rough-rider-condom-3s,ROUGH RIDER CONDOM 3S,24.00,yes,Other,rough-rider-condom-3s.webp,NO,medium,consumer category: Other,,
roushun-vitamin-c-serum,ROUSHUN VITAMIN C SERUM,36.00,yes,Beauty & Toiletries,roushun-vitamin-c-serum.jpg,NO,high,general-sale: vitamin,,
royal-giorgio-blue-perfume-100ml,ROYAL GIORGIO BLUE PERFUME 100ML,120.00,no,Beauty & Toiletries,royal-giorgio-blue-perfume-100ml.jpg,NO,high,general-sale: perfume,,
sabalon-mousse,SABALON MOUSSE,28.00,yes,Beauty & Toiletries,sabalon-mousse.jpg,NO,medium,consumer category: Beauty & Toiletries,,
sairo-baby-shampoo,SAIRO BABY SHAMPOO,21.00,yes,Baby,sairo-baby-shampoo.jpg,NO,high,general-sale: shampoo,,
sairo-bath-gel,SAIRO BATH GEL,30.00,yes,Beauty & Toiletries,sairo-bath-gel.jpg,NO,medium,consumer category: Beauty & Toiletries,,
sairo-hand-wash-500ml,SAIRO HAND WASH 500ML,17.00,yes,Other,sairo-hand-wash-500ml.jpg,NO,medium,consumer category: Other,,
salbutamol-inhaler-reyoung,SALBUTAMOL INHALER (REYOUNG),50.00,yes,,salbutamol-inhaler-reyoung.webp,YES,high,prescription-only active: salbutamol,,
salo-cold-syrup,SALO COLD SYRUP,17.00,yes,,salo-cold-syrup.jpg,YES,low,"REVIEW — dosage form, no consumer category, active not recognised",,
salocold-tabs-4s,SALOCOLD TABS 4S,2.00,yes,,salocold-tabs-4s.jpg,YES,low,"REVIEW — dosage form, no consumer category, active not recognised",,
samalin-adult-cough-125ml,SAMALIN ADULT COUGH 125ML,15.00,yes,,samalin-adult-cough-125ml.jpg,NO,low,REVIEW — no category and no dosage form,,
samalin-jnr-non-drowsy-125ml,SAMALIN JNR NON-DROWSY 125ML,19.00,yes,,samalin-jnr-non-drowsy-125ml.png,NO,low,REVIEW — no category and no dosage form,,
sanex-bath-650ml,SANEX BATH 650ML,60.00,yes,Beauty & Toiletries,sanex-bath-650ml.jpg,NO,medium,consumer category: Beauty & Toiletries,,
sasylvia-watches,SASYLVIA WATCHES,30.00,yes,Other,sasylvia-watches.jpg,NO,medium,consumer category: Other,,
savlon-antiseptic-cream,SAVLON ANTISEPTIC CREAM,90.00,yes,,savlon-antiseptic-cream.webp,NO,low,REVIEW — no category and no dosage form,,
scholl-athlete-foot-spray,SCHOLL ATHLETE FOOT SPRAY,180.00,yes,Other,scholl-athlete-foot-spray.jpg,NO,medium,consumer category: Other,,
selevite-tabs,SELEVITE TABS,50.00,yes,,selevite-tabs.jpg,YES,low,"REVIEW — dosage form, no consumer category, active not recognised",,
sensodyne-original-t-paste,SENSODYNE ORIGINAL T/PASTE,43.00,yes,Other,sensodyne-original-t-paste.jpg,NO,medium,consumer category: Other,,
septilin-tabs-100s,SEPTILIN TABS 100S,62.00,yes,,septilin-tabs-100s.webp,YES,low,"REVIEW — dosage form, no consumer category, active not recognised",,
shea-butter-mouse,SHEA BUTTER MOUSE,79.00,yes,Beauty & Toiletries,shea-butter-mouse.jpg,NO,medium,consumer category: Beauty & Toiletries,,
shesangel-electric-heating-pad,SHESANGEL ELECTRIC HEATING PAD,300.00,no,Other,shesangel-electric-heating-pad.jpg,NO,medium,consumer category: Other,,
silver-line-powder,SILVER LINE POWDER,16.00,yes,Beauty & Toiletries,silver-line-powder.webp,NO,medium,consumer category: Beauty & Toiletries,,
simple-pure-bar-soap-twin-pack,SIMPLE PURE BAR SOAP,14.00,yes,Other,simple-pure-bar-soap-twin-pack.jpg,NO,high,general-sale: soap,,
sister-powder,SISTER POWDER,20.00,yes,Beauty & Toiletries,sister-powder.webp,NO,medium,consumer category: Beauty & Toiletries,,
six-flower-powder,SIX FLOWER POWDER,20.00,yes,Beauty & Toiletries,six-flower-powder.webp,NO,medium,consumer category: Beauty & Toiletries,,
skin-treats-vit-e-hydrogel-facial-mask,SKIN  TREATS VIT E HYDROGEL FACIAL MASK,27.00,no,Beauty & Toiletries,skin-treats-vit-e-hydrogel-facial-mask.webp,NO,medium,consumer category: Beauty & Toiletries,,
skin-aqua-sunscreen,SKIN AQUA SUNSCREEN,228.00,yes,Beauty & Toiletries,skin-aqua-sunscreen.jpg,NO,medium,consumer category: Beauty & Toiletries,,
skin-calm-hydrocortisone-cream-10g,SKIN CALM HYDROCORTISONE CREAM 10G,60.00,yes,,skin-calm-hydrocortisone-cream-10g.jpg,YES,high,prescription-only active: hydrocortison,,
slub-glass-leather-bottle,SLUB GLASS LEATHER BOTTLE,35.00,no,Other,slub-glass-leather-bottle.jpg,NO,medium,consumer category: Other,,
sma-1,SMA 1,175.00,yes,Baby,sma-1.webp,NO,medium,consumer category: Baby,,
smart-black-perfume-100ml,SMART BLACK PERFUME 100ML,124.00,yes,Beauty & Toiletries,smart-black-perfume-100ml.jpg,NO,high,general-sale: perfume,,
smart-perfume-boss-orange,SMART PERFUME - BOSS ORANGE,80.00,yes,Beauty & Toiletries,smart-perfume-boss-orange.jpg,NO,high,general-sale: perfume,,
so-carrot-brightening-oil,SO CARROT BRIGHTENING OIL,238.00,yes,Beauty & Toiletries,so-carrot-brightening-oil.png,NO,medium,consumer category: Beauty & Toiletries,,
so-white-fade-cream,SO WHITE FADE CREAM,247.00,yes,Beauty & Toiletries,so-white-fade-cream.jpg,NO,medium,consumer category: Beauty & Toiletries,,
softcare-pad,SOFTCARE PAD,14.00,yes,Other,softcare-pad.jpg,NO,medium,consumer category: Other,,
somazina-1000mg,SOMAZINA 1000MG,649.00,yes,,somazina-1000mg.jpg,YES,high,prescription-only active: somazina,,
spironolactone-50mg-tabs-ecl,SPIRONOLACTONE 50MG TABS (ECL),2.00,no,,spironolactone-50mg-tabs-ecl.jpg,YES,high,prescription-only active: spironolact,,
st-ives-facial-scrub,ST IVES FACIAL SCRUB,48.00,yes,Beauty & Toiletries,st-ives-facial-scrub.jpg,NO,medium,consumer category: Beauty & Toiletries,,
st-ives-lotion,ST IVES LOTION,100.00,yes,Beauty & Toiletries,st-ives-lotion.jpg,NO,high,general-sale: lotion,,
stanley-flip-straw-tumbler,Stanley Flip straw Tumbler,530.00,no,Other,stanley-flip-straw-tumbler.jpg,NO,medium,consumer category: Other,,
stretch-mark-oil,STRETCH MARK OIL,65.00,yes,Beauty & Toiletries,stretch-mark-oil.webp,NO,medium,consumer category: Beauty & Toiletries,,
strobin-lozenges-l-s,STROBIN LOZENGES L/S,4.00,yes,,strobin-lozenges-l-s.jpg,NO,low,REVIEW — no category and no dosage form,,
style-up-pomade,STYLE UP POMADE,21.00,yes,Beauty & Toiletries,style-up-pomade.jpg,NO,medium,consumer category: Beauty & Toiletries,,
sugar-test,SUGAR TEST,10.00,yes,Other,sugar-test.jpg,NO,medium,consumer category: Other,,
summers-eve-lavender-refreshing-wash,SUMMER'S EVE LAVENDER REFRESHING WASH,105.00,yes,Feminine Care,summers-eve-lavender-refreshing-wash.webp,NO,medium,consumer category: Feminine Care,,
summers-eve-odor-protection-intimate-wash,SUMMER'S EVE ODOR PROTECTION INTIMATE WASH,150.00,yes,Feminine Care,summers-eve-odor-protection-intimate-wash.jpg,NO,medium,consumer category: Feminine Care,,
summers-eve-refresher-intimate-mist-55-89mls,SUMMER'S EVE REFRESHER INTIMATE MIST 55.89MLS,105.00,yes,Feminine Care,,NO,medium,consumer category: Feminine Care,,
summers-eve-spa-calming-luxious-wash,SUMMER'S EVE SPA CALMING LUXIOUS WASH,215.00,yes,Feminine Care,summers-eve-spa-calming-luxious-wash.png,NO,medium,consumer category: Feminine Care,,
supa-santi-large-diaper,SUPA SANTI LARGE DIAPER,225.00,yes,Baby,supa-santi-large-diaper.jpg,NO,high,general-sale: diaper,,
supa-santi-medium-diaper-90s,SUPA SANTI MEDIUM DIAPER 90S,290.00,yes,Baby,supa-santi-medium-diaper-90s.jpg,NO,high,general-sale: diaper,,
supa-santi-small-diaper-100s,SUPA SANTI SMALL DIAPER 100S,290.00,yes,Baby,supa-santi-small-diaper-100s.jpg,NO,high,general-sale: diaper,,
supa-santi-wipe-2,SUPA SANTI WIPE 2,24.00,yes,Baby,supa-santi-wipe-2.jpg,NO,medium,consumer category: Baby,,
super-max-yellow,SUPER MAX (YELLOW),12.00,no,Other,super-max-yellow.jpg,NO,medium,consumer category: Other,,
oral-b-kids-toothbrush,SUPER MAX SWIFT,12.00,no,Other,oral-b-kids-toothbrush.jpg,NO,medium,consumer category: Other,,
sure-deo-spray-men,SURE DEO SPRAY MEN,40.00,yes,Beauty & Toiletries,sure-deo-spray-men.jpg,NO,medium,consumer category: Beauty & Toiletries,,
sure-deo-spray-women,SURE DEO SPRAY WOMEN,40.00,yes,Beauty & Toiletries,sure-deo-spray-women.jpg,NO,medium,consumer category: Beauty & Toiletries,,
suspenso-perfume-with-deo,SUSPENSO PERFUME WITH DEO,110.00,yes,Beauty & Toiletries,suspenso-perfume-with-deo.jpg,NO,high,general-sale: perfume,,
syringe-10ml,SYRINGE 10ML,1.00,yes,,syringe-10ml.webp,NO,low,REVIEW — no category and no dosage form,,
syringe-5ml,SYRINGE 5ML,1.00,yes,Other,syringe-5ml.jpg,NO,medium,consumer category: Other,,
tea-tree-facial-toner,TEA TREE FACIAL TONER,26.00,yes,Beauty & Toiletries,tea-tree-facial-toner.jpg,NO,medium,consumer category: Beauty & Toiletries,,
tea-tree-wipes,TEA TREE WIPES,13.00,yes,Beauty & Toiletries,tea-tree-wipes.jpg,NO,high,general-sale: wipes,,
theraice-headache-relief-cap,THERAICE HEADACHE RELIEF CAP,650.00,yes,Other,theraice-headache-relief-cap.jpg,YES,low,"REVIEW — dosage form, active not recognised",,
theye-moquito-repellent-band,THEYE MOQUITO REPELLENT BAND,55.00,yes,Other,theye-moquito-repellent-band.jpg,NO,medium,consumer category: Other,,
tinkle-eyebrow-razor,TINKLE EYEBROW RAZOR,10.00,yes,Beauty & Toiletries,tinkle-eyebrow-razor.webp,NO,medium,consumer category: Beauty & Toiletries,,
tixylix-infant-syrup,TIXYLIX INFANT SYRUP,106.00,yes,Baby,tixylix-infant-syrup.jpg,YES,low,"REVIEW — dosage form, active not recognised",,
toilet-wipes,TOILET WIPES,20.00,no,Other,,NO,high,general-sale: wipes,,
tom-milk,TOM MILK,44.00,yes,Baby,tom-milk.jpg,NO,medium,consumer category: Baby,,
travel-bottles-set-7pcs,TRAVEL BOTTLES SET 7PCS,49.00,no,Other,travel-bottles-set-7pcs.jpg,NO,medium,consumer category: Other,,
tres-orix-forte-100ml,TRES-ORIX FORTE 100ML,35.00,yes,,tres-orix-forte-100ml.png,NO,low,REVIEW — no category and no dosage form,,
tresemme-2-in-1,TRESEMME 2 IN 1,90.00,no,Beauty & Toiletries,tresemme-2-in-1.jpg,NO,medium,consumer category: Beauty & Toiletries,,
tresemme-shampoo,TRESEMME SHAMPOO,105.00,yes,Beauty & Toiletries,tresemme-shampoo.jpg,NO,high,general-sale: shampoo,,
trident,TRIDENT,20.00,no,Other,trident.jpg,NO,medium,consumer category: Other,,
tumeric-tea,TUMERIC TEA,60.00,yes,Other,tumeric-tea.png,NO,medium,consumer category: Other,,
uferon-blood-tonic-200ml,UFERON BLOOD TONIC 200ML,15.00,yes,,,NO,low,REVIEW — no category and no dosage form,,
unidus-condoms,UNIDUS CONDOMS,26.00,yes,Other,unidus-condoms.jpg,NO,medium,consumer category: Other,,
unique-perfume,UNIQUE PERFUME,110.00,no,Beauty & Toiletries,unique-perfume.webp,NO,high,general-sale: perfume,,
urea-peroxide-ear-drop,UREA PEROXIDE EAR DROP,75.00,yes,,urea-peroxide-ear-drop.webp,NO,low,REVIEW — no category and no dosage form,,
urine-bag,URINE BAG,10.00,yes,Other,urine-bag.jpg,NO,medium,consumer category: Other,,
urine-container,URINE CONTAINER,5.00,yes,Other,urine-container.webp,NO,medium,consumer category: Other,,
vagisil-anti-itch-wipes,VAGISIL ANTI ITCH WIPES,10.00,yes,Other,vagisil-anti-itch-wipes.webp,NO,high,general-sale: wipes,,
vagisil-odor-block-intimate-wash-354ml,VAGISIL ODOR BLOCK INTIMATE WASH 354ML,390.00,no,Feminine Care,vagisil-odor-block-intimate-wash-354ml.webp,NO,medium,consumer category: Feminine Care,,
valupak-vitamin-e-caps,VALUPAK VITAMIN E CAPS,87.00,yes,Vitamins & Supplements,valupak-vitamin-e-caps.jpg,NO,medium,general-sale active (vitamin) in a dosage form,,
vasatisi-multi-collagen-gummies-60s,VASATISI MULTI COLLAGEN GUMMIES 60'S,378.00,no,Vitamins & Supplements,vasatisi-multi-collagen-gummies-60s.jpg,NO,medium,consumer category: Vitamins & Supplements,,
vaseline-brightening-lotion,VASELINE BRIGHTENING LOTION,130.00,yes,Beauty & Toiletries,vaseline-brightening-lotion.webp,NO,high,general-sale: lotion,,
vaseline-lip-therapy,VASELINE LIP THERAPY,17.00,no,Beauty & Toiletries,vaseline-lip-therapy.webp,NO,medium,consumer category: Beauty & Toiletries,,
vaseline-lotion,VASELINE LOTION,45.00,yes,Beauty & Toiletries,vaseline-lotion.jpg,NO,high,general-sale: lotion,,
vaseline-lotion-mature-skin,VASELINE LOTION MATURE SKIN,45.00,yes,Beauty & Toiletries,vaseline-lotion-mature-skin.webp,NO,high,general-sale: lotion,,
vaseline-petro-jelly-450ml,VASELINE PETRO. JELLY 450ML,126.00,no,Beauty & Toiletries,vaseline-petro-jelly-450ml.jpg,NO,medium,consumer category: Beauty & Toiletries,,
vaseline-pommade-aloe,VASELINE POMMADE ALOE,23.00,yes,Beauty & Toiletries,vaseline-pommade-aloe.jpg,NO,medium,consumer category: Beauty & Toiletries,,
vaseline-pommade-original,VASELINE POMMADE ORIGINAL,23.00,yes,Beauty & Toiletries,vaseline-pommade-original.jpg,NO,medium,consumer category: Beauty & Toiletries,,
veet-hair-remover,VEET HAIR REMOVER,60.00,no,Beauty & Toiletries | Feminine Care,veet-hair-remover.jpg,NO,medium,consumer category: Beauty & Toiletries,,
vermox-suspension,VERMOX SUSPENSION,65.00,yes,,vermox-suspension.jpg,YES,high,prescription-only active: vermox,,
vermox-tabs,VERMOX TABS,25.00,yes,,vermox-tabs.jpg,YES,high,prescription-only active: vermox,,
vibe-bath-gel,VIBE BATH GEL,60.00,yes,Beauty & Toiletries,vibe-bath-gel.webp,NO,medium,consumer category: Beauty & Toiletries,,
vibe-body-lotion-500ml,VIBE BODY LOTION 500ML,42.00,yes,Beauty & Toiletries,vibe-body-lotion-500ml.webp,NO,high,general-sale: lotion,,
vikil-20,VIKIL-20,41.00,yes,,vikil-20.jpg,NO,low,REVIEW — no category and no dosage form,,
virasorb-cold-sore-cream-2g,VIRASORB COLD SORE CREAM 2G,65.00,yes,Other,virasorb-cold-sore-cream-2g.jpg,NO,medium,consumer category: Other,,
virol-tonic,VIROL TONIC,27.00,yes,,virol-tonic.jpg,NO,low,REVIEW — no category and no dosage form,,
viscof-expectorant-syrup-100ml,VISCOF EXPECTORANT SYRUP 100ML,35.00,yes,,viscof-expectorant-syrup-100ml.jpg,YES,low,"REVIEW — dosage form, no consumer category, active not recognised",,
visionace-caps-orig,VISIONACE CAPS ORIG.,150.00,yes,,visionace-caps-orig.jpg,YES,low,"REVIEW — dosage form, no consumer category, active not recognised",,
vit-b-denk,VIT B DENK,50.00,yes,,vit-b-denk.png,NO,low,REVIEW — no category and no dosage form,,
vitafol-caplets,VITAFOL CAPLETS,36.00,yes,Vitamins & Supplements,vitafol-caplets.jpg,NO,medium,consumer category: Vitamins & Supplements,,
vitafusion-womens-multi-150s,VITAFUSION WOMEN'S MULTI 150'S,263.00,no,Vitamins & Supplements,vitafusion-womens-multi-150s.webp,NO,medium,consumer category: Vitamins & Supplements,,
vitamin-b-co-strong-accord,VITAMIN B CO STRONG (ACCORD),40.00,yes,Vitamins & Supplements,vitamin-b-co-strong-accord.jpg,NO,high,general-sale: vitamin,,
vitamin-c-hand-cream,VITAMIN C HAND CREAM,30.00,yes,Beauty & Toiletries,vitamin-c-hand-cream.webp,NO,high,general-sale: vitamin,,
vitamin-store-vitamin-c-zinc-effervescent-tabs,VITAMIN STORE VITAMIN C + ZINC EFFERVESCENT TABS,43.00,no,Vitamins & Supplements,vitamin-store-vitamin-c-zinc-effervescent-tabs.webp,NO,medium,general-sale active (vitamin) in a dosage form,,
vitane-drop-30ml,VITANE DROP 30ML,69.00,no,Baby | Vitamins & Supplements,vitane-drop-30ml.png,NO,medium,consumer category: Baby,,
vitane-syrup,VITANE SYRUP,225.00,yes,Vitamins & Supplements,vitane-syrup.jpg,YES,low,"REVIEW — dosage form, active not recognised",,
vitawell-adult-multivitamin-gummies-120s,VITAWELL ADULT MULTIVITAMIN GUMMIES 120S,150.00,no,Vitamins & Supplements,vitawell-adult-multivitamin-gummies-120s.jpg,NO,high,general-sale: vitamin,,
vitalwell-magnesium-glycinate-100mg-60s,VITAWELL MAGNESIUM GLYCINATE 100MG 60'S,120.00,no,Vitamins & Supplements,vitalwell-magnesium-glycinate-100mg-60s.webp,YES,low,"REVIEW — dosage form, active not recognised",,
vitawell-total-beauty-collagen-powder-200g,VITAWELL TOTAL BEAUTY COLLAGEN POWDER 200G,190.00,no,Vitamins & Supplements,vitawell-total-beauty-collagen-powder-200g.jpg,NO,medium,consumer category: Vitamins & Supplements,,
vitlife-vit-c-zinc,VITLIFE VIT C+ ZINC,59.00,yes,Vitamins & Supplements,vitlife-vit-c-zinc.jpg,NO,high,general-sale: zinc,,
voligo-warm-menstral-heating-pad,VOLIGO WARM MENSTRAL HEATING PAD,460.00,yes,Other,voligo-warm-menstral-heating-pad.jpg,NO,medium,consumer category: Other,,
wallet-pocket-tissue,WALLET POCKET TISSUE,7.00,yes,Other,wallet-pocket-tissue.jpg,NO,high,general-sale: tissue,,
washing-machine-cleaner,WASHING MACHINE CLEANER,30.00,no,Other,washing-machine-cleaner.jpg,NO,medium,consumer category: Other,,
wearable-heating-pad,WEARABLE HEATING PAD,460.00,yes,Other,wearable-heating-pad.jpg,NO,medium,consumer category: Other,,
weekly-pill-organiser-black-white-double,Weekly pill organiser Black/White (Double),198.00,no,Other,weekly-pill-organiser-black-white-double.jpg,NO,medium,consumer category: Other,,
wellman-orig-caps-30s,WELLMAN ORIG CAPS 30'S,213.00,yes,Vitamins & Supplements,wellman-orig-caps-30s.jpg,YES,low,"REVIEW — dosage form, active not recognised",,
wellwoman-50-caps-30s,WELLWOMAN 50+ CAPS 30S,150.00,yes,Vitamins & Supplements,wellwoman-50-caps-30s.webp,YES,low,"REVIEW — dosage form, active not recognised",,
wellwoman-orig-caps-30s-1,WELLWOMAN ORIG CAPS 30S,224.00,yes,Vitamins & Supplements,wellwoman-orig-caps-30s-1.jpg,YES,low,"REVIEW — dosage form, active not recognised",,
wellwoman-orig-caps-30s,WELLWOMAN ORIG CAPS 30S,224.00,yes,Vitamins & Supplements,wellwoman-orig-caps-30s.webp,YES,low,"REVIEW — dosage form, active not recognised",,
wilkenson-sword-shaving-stick-4-2-box,WILKENSON SWORD SHAVING STICK (4+2 BOX),80.00,no,Other,,NO,medium,consumer category: Other,,
windolene-glass-cleaner,WINDOLENE GLASS CLEANER,36.00,no,Other,windolene-glass-cleaner.jpg,NO,medium,consumer category: Other,,
wisdom-step-by-step-t-b,WISDOM STEP BY STEP T/B,25.00,yes,Baby,wisdom-step-by-step-t-b.webp,NO,medium,consumer category: Baby,,
wisdom-t-b-junior-pack-4pk,WISDOM T/B JUNIOR PACK 4PK,35.00,yes,Baby,wisdom-t-b-junior-pack-4pk.jpg,NO,medium,consumer category: Baby,,
wormbase-susp-10ml,WORMBASE SUSP 10ML,4.00,no,,wormbase-susp-10ml.png,YES,low,"REVIEW — dosage form, no consumer category, active not recognised",,
wormplex-400-suspension,WORMPLEX 400 SUSPENSION,20.00,yes,,wormplex-400-suspension.jpg,YES,low,"REVIEW — dosage form, no consumer category, active not recognised",,
wormplex-400-tab,WORMPLEX 400 TAB,17.00,yes,,wormplex-400-tab.jpg,YES,low,"REVIEW — dosage form, no consumer category, active not recognised",,
xalacom-eye-drop,xalacom eye drop,439.00,yes,,xalacom-eye-drop.webp,NO,low,REVIEW — no category and no dosage form,,
xalatan-eye-drops,XALATAN EYE DROPS,250.00,yes,,xalatan-eye-drops.jpg,NO,low,REVIEW — no category and no dosage form,,
xatis-levofloxacintab-500mg,XATIS (LEVOFLOXACIN)TAB 500MG,85.00,no,,xatis-levofloxacintab-500mg.jpg,YES,high,prescription-only active: levofloxac,,
xblock-hair-wax-150ml,XBLOCK HAIR WAX 150ML,34.00,yes,Beauty & Toiletries,xblock-hair-wax-150ml.webp,NO,medium,consumer category: Beauty & Toiletries,,
xcel-insect-repellent-2-bands,XCEL INSECT REPELLENT 2 BANDS,45.00,yes,Other,xcel-insect-repellent-2-bands.jpg,NO,medium,consumer category: Other,,
xin-a-cipro-susp,XIN - A CIPRO SUSP.,86.00,yes,,xin-a-cipro-susp.jpg,YES,low,"REVIEW — dosage form, no consumer category, active not recognised",,
xpel-adult-insect-repellent-spray,XPEL ADULT INSECT REPELLENT SPRAY,45.00,no,Other,xpel-adult-insect-repellent-spray.jpg,NO,medium,consumer category: Other,,
xpel-kid-insect-repellent-spray,XPEL KID INSECT REPELLENT SPRAY,40.00,no,Other,xpel-kid-insect-repellent-spray.jpg,NO,medium,consumer category: Other,,
yazz-pad,YAZZ PAD,20.00,yes,Beauty & Toiletries | Feminine Care,yazz-pad.jpg,NO,medium,consumer category: Beauty & Toiletries,,
yeamon-electric-heat-pad,YEAMON ELECTRIC HEAT PAD,450.00,yes,Other,yeamon-electric-heat-pad.jpg,NO,medium,consumer category: Other,,
zentel-tabs,ZENTEL TABS,27.00,yes,,zentel-tabs.jpg,YES,low,"REVIEW — dosage form, no consumer category, active not recognised",,
zenwise-digestive-enzymes-60s,ZENWISE DIGESTIVE ENZYMES 60'S,420.00,no,Vitamins & Supplements,zenwise-digestive-enzymes-60s.webp,NO,medium,consumer category: Vitamins & Supplements,,
zestril20mg-tabs,ZESTRIL20MG TABS,15.00,yes,,zestril20mg-tabs.webp,YES,low,"REVIEW — dosage form, no consumer category, active not recognised",,
zincofer-caps-30s,ZINCOFER CAPS 30'S,61.00,yes,,zincofer-caps-30s.jpg,NO,medium,general-sale active (zinc) in a dosage form,,
zincofer-syr-200ml,ZINCOFER SYR 200ML,61.00,yes,,zincofer-syr-200ml.jpg,NO,high,general-sale: zinc,,
zincovit-drops-15ml,ZINCOVIT DROPS 15ML,29.00,yes,,zincovit-drops-15ml.jpg,NO,high,general-sale: zinc,,
zincovit-syrup-200ml,ZINCOVIT SYRUP 200ML,54.00,yes,,zincovit-syrup-200ml.jpg,NO,medium,general-sale active (zinc) in a dosage form,,
zithromax-susp-200mg-5ml-15ml,ZITHROMAX SUSP 200MG/5ML 15ML,155.00,yes,,zithromax-susp-200mg-5ml-15ml.jpg,YES,low,"REVIEW — dosage form, no consumer category, active not recognised",,
znmet-sore-powder,ZNMET SORE POWDER,7.00,yes,,,NO,low,REVIEW — no category and no dosage form,,
zoflora-antiseptic,ZOFLORA ANTISEPTIC,45.00,yes,Other,zoflora-antiseptic.jpg,NO,medium,consumer category: Other,,
zubes-extra-strong-syrup,ZUBES EXTRA STRONG SYRUP,45.00,yes,,zubes-extra-strong-syrup.jpg,YES,low,"REVIEW — dosage form, no consumer category, active not recognised",,
zudrex-tabs,ZUDREX TABS,10.00,yes,,zudrex-tabs.jpg,YES,low,"REVIEW — dosage form, no consumer category, active not recognised",,
zulu-aceclofenac-100mg,ZULU (ACECLOFENAC) 100MG,9.50,yes,,zulu-aceclofenac-100mg.jpg,YES,low,"REVIEW — dosage form, no consumer category, active not recognised",,
zulu-extra,ZULU EXTRA,10.00,yes,,zulu-extra.png,NO,low,REVIEW — no category and no dosage form,,
zulu-plus-tabs,ZULU PLUS TABS,8.00,yes,,zulu-plus-tabs.jpg,YES,low,"REVIEW — dosage form, no consumer category, active not recognised",,
zulu-mr-tabs-1,ZULU-MR TABS,15.00,yes,,zulu-mr-tabs-1.jpg,YES,low,"REVIEW — dosage form, no consumer category, active not recognised",,
zymax-azithromycin-caps-500mg,ZYMAX (AZITHROMYCIN) CAPS 500MG,30.00,yes,,zymax-azithromycin-caps-500mg.jpg,YES,high,prescription-only active: azithro,,